"","VE_susc","t","Label_testingDiff","NonCovid_cumPropSymptInfect_unvac.2.5.","NonCovid_cumPropSymptInfect_unvac.50.","NonCovid_cumPropSymptInfect_unvac.97.5.","NonCovid_cumPropSymptInfect_vac.2.5.","NonCovid_cumPropSymptInfect_vac.50.","NonCovid_cumPropSymptInfect_vac.97.5.","CumProp_falseNeg_vac.2.5.","CumProp_falseNeg_vac.50.","CumProp_falseNeg_vac.97.5.","CumProp_falseNeg_unvac.2.5.","CumProp_falseNeg_unvac.50.","CumProp_falseNeg_unvac.97.5.","VE_symptOR_observed.2.5.","VE_symptOR_observed.50.","VE_symptOR_observed.97.5.","VE_symptOR.2.5.","VE_symptOR.50.","VE_symptOR.97.5.","VE_symptRR_observed.2.5.","VE_symptRR_observed.50.","VE_symptRR_observed.97.5.","VE_symptRR.2.5.","VE_symptRR.50.","VE_symptRR.97.5.","t_highChange.2.5.","t_highChange.50.","t_highChange.97.5.","totalNum_sims"
"1",0.1,30,"equal",0.454274,0.4611,0.467745,0.457392333333333,0.4614,0.463974,0,0.000167014831313734,0.000336531033986465,0,0.000167700864181143,0.000506078134127505,-0.0895717463194779,0.0900543309609408,0.257112019121761,-0.0554094760976361,0.0893167117090344,0.206837613225956,-0.0869358974358974,0.0882051282051282,0.25730122324159,-0.0579769873940422,0.089679657871379,0.207112068965518,47,50,53,100
"2",0.1,31,"equal",0.462676,0.46978,0.476327,0.466101666666667,0.470026666666666,0.472741,0,0.000163952384182436,0.000358275544504567,0,0.000163880712459446,0.000577942148128336,-0.120617525204256,0.0874365774535215,0.259377523932109,-0.0483845011958066,0.0855539998425837,0.207193039704373,-0.120343339522729,0.08718643707483,0.255191965221035,-0.0538147530349365,0.0826702833031948,0.197187117524834,47,50,53,100
"3",0.1,32,"equal",0.470312,0.47768,0.484629,0.474256333333333,0.478346666666666,0.481150666666667,2.53117339869977e-05,0.000160776109305179,0.000426627577942059,0,0.000160991760041801,0.000725055380156106,-0.106487825591083,0.0954240816213497,0.25095239194743,-0.0487045690353422,0.07868377561542,0.192694894301106,-0.0915428450823133,0.0949999999999999,0.247346278317152,-0.0564541903409091,0.0815452072514219,0.183022747901067,47,50,53,100
"4",0.1,33,"equal",0.477573,0.48568,0.492355,0.481078,0.486333333333334,0.489698666666667,5.20248734078578e-05,0.000208708357439255,0.000419302298136097,0,0.000157952933967639,0.000776510397836473,-0.0721637261311413,0.0873947675849868,0.241214755087939,0.00401449949081178,0.0956906428060942,0.196230134026606,-0.0701841078268412,0.089105339105339,0.229798199767712,-0.00271855206952425,0.0967259285337088,0.190304182509506,47,50,53,100
"5",0.1,34,"equal",0.484502,0.49308,0.49959,0.487476333333333,0.494033333333333,0.497655333333333,0.000101238829886251,0.00025380072397589,0.000560809241866804,0,0.000301205065216794,0.000760717034117712,-0.0350352769786961,0.091483751396911,0.209512047717497,0.0114716935212875,0.0976383794040188,0.184088115013101,-0.029158970214731,0.0944099378881988,0.199870144306561,0.00610890999112419,0.0989200222609834,0.179414927261227,47,50,53,100
"6",0.1,35,"equal",0.490714,0.49986,0.507457,0.493457333333333,0.50144,0.505149666666667,9.91541838948066e-05,0.000295742308566239,0.000574216464377346,0,0.000295923666274641,0.000892464213632097,-0.033757190772546,0.0986090060428974,0.196704149654724,0.0166536676659227,0.0925460713409503,0.184173172465092,-0.0343464052287582,0.095952023988006,0.192953945324635,0.0130660935050249,0.0916460030927874,0.178787736106562,47,50,53,100
"7",0.1,36,"equal",0.496537,0.50624,0.514303,0.499289333333333,0.5079,0.512527666666667,9.75214781845516e-05,0.000339970859640602,0.000631736936571536,0,0.000292483207237911,0.00087361526050783,-0.0398868940613272,0.0814778584739559,0.206828869453997,0.0141090294127775,0.0981295867937326,0.178155560537757,-0.0516975308641975,0.0801776531089294,0.207484895129792,0.0157380967161214,0.095278390322095,0.168810054812948,47,50,53,100
"8",0.1,37,"equal",0.500971,0.51266,0.521155,0.504030666666667,0.513606666666667,0.519368,0.000141958582453154,0.000424058277106999,0.00068488786891086,0,0.000424148304747049,0.00126887565525266,-0.0297596530996144,0.0909708782847078,0.208480169982611,0.0211642094207051,0.0957077011988723,0.168921009416004,-0.0263315217391305,0.0879576728877952,0.199590611353712,0.018567494201982,0.0925328743454807,0.158727113208596,47,50,53,100
"9",0.1,38,"equal",0.503672,0.51776,0.527261,0.508594666666667,0.519253333333333,0.525802666666667,0.000162032888111235,0.000463445731113793,0.000852726604205639,0,0.000421289277711632,0.00143445030500199,-0.0120035662546684,0.0916371037273966,0.182740092987073,0.0226121841658629,0.0980811760378145,0.162884851673544,-0.0191927005666566,0.0847309573724668,0.179666124209467,0.0222019187676184,0.0934180403139105,0.150538007575907,47,50,53,100
"10",0.1,39,"equal",0.50633,0.52218,0.532766,0.511442666666667,0.523933333333333,0.532006333333333,0.000227439456443089,0.000543970992685169,0.000963531119993061,0,0.000546824215581504,0.00154038061543511,-0.0102884079489118,0.0907969422701937,0.185602366252944,0.0349233972353049,0.0968587485242534,0.153379187643613,-0.00884258182851521,0.0910400079555978,0.180298448425458,0.0338755477069887,0.0952984073718106,0.142331689610301,47,50,53,100
"11",0.1,40,"equal",0.5087,0.52578,0.537501,0.513346666666667,0.52788,0.537186666666667,0.00031294636832249,0.000623802566529386,0.00114276831862481,0.000132272804994551,0.000662823837793515,0.00157164502802482,0.0116676184674191,0.0967975179323893,0.179076831108364,0.0417341241187074,0.0971114876679685,0.154841365885274,0.00602491823422055,0.0940470900078186,0.176951227221722,0.0408305614542812,0.0929972216417853,0.144194903166751,47,50,53,100
"12",0.1,41,"equal",0.508409,0.52892,0.542224,0.514442333333333,0.53152,0.542588666666667,0.000394642570010045,0.000736026358257297,0.00134988391513535,0.000191848770950626,0.00077952481900886,0.0017836281616853,0.0356442152871539,0.0948896741125144,0.171150817374271,0.0551807858722749,0.0970254578059298,0.149877103667557,0.0348468548626277,0.0935306553911205,0.164873131231008,0.0547276788523732,0.0946254075353802,0.135909868034407,47,50,53,100
"13",0.1,42,"equal",0.506573,0.53084,0.546486,0.514149666666667,0.533993333333333,0.547145666666667,0.000429553331236643,0.000828332806697977,0.00144662736907112,0.000378451006064421,0.000898357348712663,0.00198120134845234,0.0278306038188584,0.104090729798456,0.169047873352351,0.0520884802464002,0.0999513560666309,0.148252628037341,0.0267037385087907,0.09805244634966,0.159460552769905,0.0554063755435326,0.0922470517253849,0.133187251491533,47,50,53,100
"14",0.1,43,"equal",0.504738,0.53164,0.55025,0.512813,0.53554,0.550968333333333,0.000442462482350747,0.000962406036627114,0.00170339227310247,0.00043493242534824,0.00112142549553283,0.0022964945724924,0.0337099206543356,0.107819597420027,0.173071402864523,0.056345642178174,0.0993348900653099,0.145342351282248,0.0398533245866345,0.100061786960902,0.159683609073853,0.0578234184019256,0.0933054608160652,0.135674990638099,47,50,53,100
"15",0.1,44,"equal",0.500834,0.5313,0.551902,0.510434333333333,0.535866666666666,0.554138,0.000598985859274348,0.00112717215974667,0.00185702962668825,0.000550335739296601,0.00132394643598113,0.00267188324741978,0.0272506153582508,0.106993091256512,0.165406051323727,0.0637630975568153,0.101910030059339,0.14676646038647,0.0305202990252973,0.0985653179427356,0.149059194741453,0.0623084768336933,0.0938409733551146,0.130734637504293,47,50,53,100
"16",0.1,45,"equal",0.495211,0.52984,0.553045,0.506537,0.535386666666666,0.556894,0.000609715768894666,0.00130437283578155,0.00213875407715733,0.000603896534250567,0.00151436960668199,0.00299536083407496,0.0290891984645076,0.105136553451616,0.161241275219441,0.0654893890846244,0.106928129667564,0.143562784117776,0.0346460912769964,0.0970054047658287,0.141988393056537,0.066353208383462,0.0973298276037851,0.129848687812552,47,50,53,100
"17",0.1,46,"equal",0.488456,0.52642,0.553898,0.501462333333333,0.53362,0.558198,0.000775052853091022,0.00154838551718642,0.00243389727064428,0.000764399219403401,0.00169775928136267,0.00339630410552397,0.0360448324835446,0.105284281960923,0.165124278282065,0.0710488064948213,0.113334049942841,0.146006758144051,0.0402128396268687,0.0966250113038151,0.14860826621768,0.0675565354612188,0.095753652125679,0.125345626514452,47,50,53,100
"18",0.1,47,"equal",0.480463,0.5222,0.554105,0.494316333333333,0.53026,0.558297333333333,0.000932304788404744,0.00178234242066589,0.00278959974211071,0.00103613416170294,0.0019660882248637,0.00361345357410567,0.0532956704338513,0.109525613047574,0.166014444320352,0.067557269398995,0.115321132901506,0.146736987199158,0.0448901619471319,0.0976559664043428,0.148853869732206,0.0674005470564454,0.0990410028889149,0.129116118456604,47,50,53,100
"19",0.1,48,"equal",0.469724,0.51636,0.553204,0.486014333333333,0.525353333333333,0.557774333333333,0.00112525231858257,0.00205537096092482,0.00318823339272186,0.00108055773112586,0.00223413940710453,0.00421233612722974,0.0576199544440941,0.111471339296773,0.164347310433997,0.0720190694104074,0.115452166656417,0.146011940955078,0.0517341321337684,0.0978524005145441,0.139159412782601,0.0706692325557912,0.0997603096339585,0.123053897953426,47,50,53,100
"20",0.1,49,"equal",0.458575,0.5083,0.549932,0.476809,0.51906,0.555629666666667,0.00129827048270419,0.00237001411068345,0.00351832999159144,0.00111614392407714,0.00255346324999422,0.00446539563762085,0.0575481942027429,0.113006690613866,0.165008443288724,0.0769480149741745,0.118005310696045,0.150950596593744,0.0523231758382607,0.0985328517240236,0.138153109991804,0.0700319089481974,0.0992122797185379,0.124333508642061,47,50,53,100
"21",0.1,50,"equal",0.446565,0.4992,0.546051,0.466701,0.511293333333333,0.552239,0.00148957841370665,0.00265605321917309,0.00408977470068276,0.00149047097038052,0.00288187594435374,0.00527134419475421,0.0585783590212567,0.114892379147573,0.159246564107904,0.0816016451968318,0.122221223158041,0.15192709510876,0.0535206595743954,0.0984972406728132,0.13101347660184,0.0704421415286678,0.0992425579432223,0.123622255544181,47,50,53,100
"22",0.1,51,"equal",0.432846,0.48874,0.539243,0.455805,0.502733333333333,0.548027333333333,0.00177772395090296,0.00300567107238848,0.00465194747276629,0.0018079967887508,0.00326320715430115,0.00566864213606622,0.0645349964252211,0.116365507112226,0.159179922464301,0.0879816065452705,0.125892140263887,0.157424650228336,0.0621537168793449,0.0963197804222763,0.131148365188867,0.0717253344576886,0.0990492119547929,0.122775358556942,47,50,53,100
"23",0.1,52,"equal",0.419444,0.47688,0.531652,0.444758333333333,0.492653333333333,0.541598,0.00207309860162593,0.00345032058363076,0.00525913580878777,0.00207392671561795,0.00385814707141198,0.00633235667269621,0.0713622786012588,0.118566155685335,0.159895629377741,0.098097118678886,0.128919834420644,0.160572909766443,0.0648443285993316,0.0976866373277717,0.128086410561842,0.0795072780509674,0.099793754424106,0.124420061650591,47,50,53,100
"24",0.1,53,"equal",0.406603,0.46258,0.522115,0.433020333333333,0.481993333333333,0.534015,0.0023575771646655,0.00388441827507116,0.00603596363584548,0.00239713995035778,0.00435177276699886,0.0071326411162083,0.0842644371691838,0.122381613321191,0.161100001989394,0.101008695802994,0.134192434000274,0.161125679283484,0.0699988397513721,0.0975006968742713,0.127926203413802,0.0799883286979226,0.0996902128415007,0.120316446241812,47,50,53,100
"25",0.1,54,"equal",0.393111,0.44944,0.511595,0.420973666666667,0.470386666666667,0.52518,0.00286868253873893,0.00444614103021434,0.00686090412147225,0.00284157056500703,0.00488304816711025,0.00804454931988481,0.0934026088756495,0.127081794018404,0.167854288366611,0.103414723979283,0.138349931614979,0.166946883545977,0.0699343369567725,0.0998159455744492,0.127382419009369,0.0787972709933627,0.100435734389659,0.117814137600222,47,50,53,100
"26",0.1,55,"equal",0.379093,0.43518,0.499628,0.409529333333333,0.458413333333334,0.515701,0.00315802290423133,0.00509235160358286,0.00776045915752019,0.00318739926621257,0.00563649688761932,0.00876058857009315,0.0947921608927245,0.131954307328781,0.174503639205984,0.107991894538059,0.14170492000831,0.171802076238249,0.0745970355525376,0.10086584550204,0.124813723515349,0.0831224058143222,0.0993692491670514,0.114776088007029,47,50,53,100
"27",0.1,56,"equal",0.365252,0.42136,0.487189,0.398916,0.44584,0.504433333333333,0.00364992753863114,0.00560533795678409,0.00870976887908172,0.00382171885638463,0.00638051693842352,0.00975369597212501,0.0978444173674595,0.135620624808494,0.168373708116453,0.112807580325151,0.147236543086686,0.174496586811447,0.0699111486870262,0.0999879342870393,0.123164381517041,0.0840015457216022,0.100849469864761,0.112860092068105,47,50,53,100
"28",0.1,57,"equal",0.35404,0.4061,0.472581,0.389206666666667,0.43344,0.492014666666667,0.00409508388421049,0.00630950784596876,0.00975017239161494,0.00429237982031963,0.00714184539676885,0.0106246153976895,0.101364460048517,0.14336537114105,0.176484016128666,0.119382777499373,0.153336593213428,0.181720290210258,0.0699940527064978,0.099410966918413,0.123965428979329,0.0826479589433355,0.100225504779396,0.113125327893166,47,50,53,100
"29",0.1,58,"equal",0.34314,0.39206,0.457554,0.379456333333333,0.421506666666666,0.479422666666667,0.00474733578219978,0.00711787500026453,0.0108011595420897,0.00482006474409784,0.00803719764462538,0.0117187025290452,0.105379929476564,0.14432718201999,0.181273226106826,0.127441420722867,0.159045816107243,0.188093682990263,0.0713608989983419,0.09908176276299,0.122025000564769,0.0827246177002328,0.0994424093703349,0.112472936436888,47,50,53,100
"30",0.1,59,"equal",0.333787,0.3791,0.444008,0.371657666666667,0.409986666666666,0.466228666666667,0.00550367879852462,0.00791251465767275,0.0119271681876027,0.00552497172335954,0.00901266540509396,0.012786161424044,0.1139445816845,0.148908065638912,0.185424571867669,0.132081027335101,0.164983086325011,0.194099904305902,0.0767817328258489,0.0997951265162791,0.116649193559189,0.0821220507008556,0.0999499989635497,0.110691729717306,47,50,53,100
"31",0.1,60,"equal",0.325441,0.36632,0.429436,0.363943,0.398646666666666,0.453164666666667,0.00622097507393672,0.00894022532851175,0.0130714314900659,0.00623377932278409,0.0101894748403349,0.0145538175177305,0.115954857137189,0.15525283244154,0.188139117146759,0.133882560011485,0.17029930260563,0.196381475628179,0.0777593664303346,0.100495535106366,0.116847272073625,0.0832855500251315,0.100204624988872,0.110993027354922,47,50,53,100
"32",0.1,61,"equal",0.318519,0.35674,0.414458,0.356966333333333,0.3888,0.439685333333333,0.00695462234516369,0.00997003330914053,0.0142678486847065,0.00704305491885944,0.0112686568671305,0.0157529115628845,0.122155988568358,0.158277335937936,0.192808461444222,0.139647201878606,0.176416622762174,0.201251375866481,0.0781084591710719,0.0997336223341795,0.118184748076449,0.0827336297585462,0.0998620580091799,0.109787535744474,47,50,53,100
"33",0.1,62,"equal",0.312427,0.34594,0.399782,0.351470333333333,0.38022,0.426191,0.00781777001829913,0.0111566538328161,0.0154967515221171,0.0080780387429678,0.0125491353092012,0.0167527737135162,0.129155970098683,0.162918978183649,0.191413016744003,0.14735675212378,0.181509127576765,0.20492035075913,0.0788664317567774,0.0981417122594646,0.117616062219154,0.0844187269510336,0.100227266876339,0.109276348760022,47,50,53,100
"34",0.1,63,"equal",0.307553,0.33694,0.386016,0.34719,0.372493333333334,0.414326,0.009020637394743,0.012244541077785,0.0168676816673714,0.0092806972181966,0.0136904976629872,0.0184799216630112,0.133197831811877,0.167756528773147,0.195242666210889,0.153716876245226,0.187746241295958,0.210420243626245,0.0806945347193787,0.0987892380444776,0.11592215530055,0.0843615036033676,0.099480230245946,0.108555450681243,47,50,53,100
"35",0.1,64,"equal",0.303189,0.3285,0.373089,0.343647333333333,0.3658,0.402824666666667,0.00999553446923021,0.0135180774558032,0.018209929288826,0.0102458800841515,0.0151447434332189,0.0203387787867667,0.132737583125849,0.169361355636237,0.201845015911101,0.154784647914329,0.191605567902042,0.215693231660852,0.0816897100239175,0.098642473231367,0.116228225854843,0.0840339358974804,0.0988381963321759,0.10863463732696,47,50,53,100
"36",0.1,65,"equal",0.300087,0.32176,0.360988,0.341064333333333,0.3604,0.393322666666667,0.0110039235182328,0.0147526490802475,0.0196575008950603,0.0112163287905857,0.0165813385589645,0.0219800924439872,0.137649186942642,0.174447613858852,0.207701689625382,0.158844858227035,0.196740991543707,0.219971942396241,0.0834875449389285,0.100088359935132,0.116257675653266,0.0843819514940053,0.098897960916814,0.109611861676197,47,50,53,100
"37",0.1,66,"equal",0.296994,0.31564,0.351012,0.339155,0.3555,0.384875666666667,0.012036026372387,0.0161091454890006,0.0211640724980656,0.0124317650288323,0.0178349660143445,0.0234101898808822,0.142209115898513,0.178686006273769,0.207714752866397,0.165600919182627,0.199625830955602,0.222289777461734,0.0837105340177136,0.100003414576536,0.116797022269602,0.0853887295734354,0.0996844733408377,0.109395358096135,47,50,53,100
"38",0.1,67,"equal",0.29421,0.31104,0.342016,0.337729,0.351806666666666,0.377607666666667,0.0132630501459823,0.0175689124029809,0.0227951268616641,0.0137148452695619,0.0192530223430155,0.024930585812495,0.147237180747479,0.182880263402709,0.209128803799029,0.171386307942616,0.205987130240076,0.227263795706453,0.0839313558979115,0.09932309676023,0.115358613319149,0.0857356052362608,0.0998770640365781,0.109598343055184,47,50,53,100
"39",0.1,68,"equal",0.293068,0.30766,0.334187,0.337078333333333,0.349093333333333,0.370509,0.0142277075958732,0.0190473144838627,0.0245635827188395,0.0151297648934978,0.0209704893882798,0.0270243524945268,0.147985062293131,0.184272790067784,0.216240816516785,0.175663791968488,0.207622243694829,0.228730366127146,0.0837980383064508,0.0989128710522212,0.116952470425763,0.0857178093335765,0.0999456626204015,0.109515938727059,47,50,53,100
"40",0.1,69,"equal",0.291904,0.30416,0.326924,0.3368,0.346773333333333,0.365433666666667,0.0155968747640541,0.0207704965490489,0.0261419453340403,0.0164091232445751,0.0228217237929198,0.0289388803586762,0.149902651880164,0.187752095858678,0.216988190636971,0.180117596596932,0.209545518747763,0.231923413898436,0.0837194299832715,0.0985084990168787,0.116398420807174,0.0858956479532245,0.0998661463624916,0.109847253986608,47,50,53,100
"41",0.1,70,"equal",0.291299,0.30168,0.321688,0.336377333333333,0.34514,0.360879333333333,0.0169955404286709,0.0222936738260398,0.0278579598116122,0.0177335962796013,0.024609819655739,0.0308308559451414,0.155618552052099,0.187645152701048,0.21903005976746,0.183183060708192,0.211018753370669,0.234051181838427,0.0845191510406316,0.0986405190841685,0.115571253415751,0.0863593486676987,0.0990438437968306,0.109758096502843,47,50,53,100
"42",0.1,71,"equal",0.291019,0.3001,0.3168,0.336776333333333,0.343993333333333,0.357331666666667,0.0183882777458791,0.0239545022599567,0.0293603700503002,0.0195150491425174,0.026365649714708,0.0326222555178511,0.156730086468906,0.190458546072731,0.221127712631115,0.187472316052937,0.214482602824192,0.234482361392694,0.0841261646560208,0.0983777579400004,0.11517437331095,0.0870936257906192,0.0991999334826072,0.110398335959487,47,50,53,100
"43",0.1,72,"equal",0.290534,0.29918,0.312594,0.337496,0.34344,0.354373333333333,0.0198351879300699,0.0258540304039972,0.0310804571116525,0.0212153147685439,0.0280975171881861,0.034685066892727,0.161730715686403,0.192982429800596,0.221123052954914,0.188293436706298,0.216020937009955,0.236358724515877,0.0847518120816076,0.0986660880866838,0.114860049341132,0.0867414864488465,0.0996126809777838,0.11017679158765,47,50,53,100
"44",0.1,73,"equal",0.290595,0.29848,0.310153,0.338014333333333,0.34324,0.352393333333333,0.0213746639762433,0.0274232123429691,0.0331000175410831,0.0229718330521529,0.0297832833894769,0.0369623263706364,0.163499523223355,0.196066367968682,0.222059083196096,0.192753942160019,0.217171569201381,0.237493986613504,0.0846518074247255,0.098844807968045,0.114806561798557,0.0872685282399372,0.0992115712629509,0.109814790676743,47,50,53,100
"45",0.1,74,"equal",0.290951,0.29822,0.308318,0.338947666666667,0.343466666666666,0.350783,0.0227607462657859,0.0291219959725967,0.0346962507142504,0.0246248808659241,0.0316858365743116,0.0388712790912647,0.164396044784531,0.196950498669269,0.220788646901821,0.192715408487312,0.218222405540048,0.239901178257337,0.0862802515679979,0.099329714005456,0.114891494587968,0.0873644762552893,0.0992457420812019,0.109635283177399,47,50,53,100
"46",0.1,75,"equal",0.291335,0.29826,0.306904,0.339984,0.343713333333334,0.349949333333333,0.0244117680179411,0.030711806514353,0.0362528055726376,0.0266282732554843,0.033255791485125,0.0405526287399309,0.16464881305138,0.197277284233236,0.222650082550543,0.195379678704988,0.219680916047098,0.239670320380844,0.0856217154654655,0.0989534258220959,0.115352315609075,0.0878302072772332,0.0992102542970244,0.109358497770696,47,50,53,100
"47",0.1,76,"equal",0.291632,0.29852,0.306572,0.341092666666667,0.344426666666667,0.349761333333333,0.0261442093867085,0.0325204109579776,0.0377481695526234,0.027939838644125,0.0351668827161227,0.0425633541266175,0.164020839486894,0.197338587868629,0.2225718421271,0.1975442359571,0.221142388696664,0.240219082484668,0.0857873488937057,0.098606898110023,0.114372275868573,0.0874504654563362,0.0992731912695319,0.10898227694916,47,50,53,100
"48",0.1,77,"equal",0.29232,0.29878,0.306785,0.342019666666667,0.345266666666666,0.349986666666667,0.0278520066694001,0.0341150456468126,0.0396313994848267,0.0298350456709264,0.0369869457256402,0.0441325267306114,0.164866572788704,0.197998080894738,0.224303123846838,0.19763068695349,0.221503174804264,0.241269148000322,0.0858882601677904,0.0990246717373302,0.114941725600735,0.0874833058426027,0.099319107687338,0.108846011887379,47,50,53,100
"49",0.1,78,"equal",0.293137,0.29938,0.307069,0.343315333333333,0.346266666666667,0.350694666666667,0.0295532808751874,0.0356770839759804,0.0410432104318071,0.0316029116050356,0.0388646353378998,0.0460808061257878,0.166555424827174,0.198492167834027,0.224150417833149,0.198292424067213,0.22085174925356,0.242410935301545,0.0862563891661634,0.0994623562673617,0.115056682196756,0.0871656707783251,0.0995287090233506,0.108710566757215,47,50,53,100
"50",0.1,79,"equal",0.294312,0.30012,0.307702,0.344441,0.347253333333333,0.351148,0.0310757236683856,0.0373417121625199,0.0430103395611513,0.0335298820413044,0.0405988370003437,0.0478345075107439,0.166428125288943,0.199897403946411,0.22516906886474,0.199626358405642,0.222287148776969,0.242463609610218,0.085875693828406,0.0991764526460272,0.115161598444704,0.0874791922320493,0.0994866828789439,0.108525710203449,47,50,53,100
"51",0.1,80,"equal",0.295137,0.30084,0.307825,0.345627666666667,0.348386666666667,0.351876,0.0329042835433398,0.0390255478714153,0.0447640227225553,0.0353412328449566,0.0425119021601724,0.0494858563168958,0.165605968058865,0.19994924344815,0.225713604413148,0.19911324390382,0.222560393355442,0.243777549854131,0.0858758898312252,0.0991682778444324,0.114868957526408,0.0874024921863736,0.099522074460702,0.108853029464516,47,50,53,100
"52",0.1,81,"equal",0.295405,0.30174,0.308652,0.346838,0.349526666666666,0.35283,0.0344777601293657,0.0407561454358632,0.0462295336564939,0.0371905512009682,0.0443112500403539,0.0514330879778025,0.166332792955013,0.200142762549212,0.225522772008681,0.200305906989627,0.223253383948292,0.244695558039767,0.0858958708758938,0.0989641487934405,0.115139038279274,0.0874588097703669,0.0997009145412773,0.108873608284843,47,50,53,100
"53",0.1,82,"equal",0.296117,0.3027,0.309593,0.347966333333333,0.350826666666667,0.353973,0.0362354177811875,0.0422496558502532,0.0477006239925904,0.0390277049742255,0.0461029769901901,0.0535312389005936,0.164818273213381,0.199331552812946,0.226286921327005,0.199976291677216,0.223377240448672,0.24563057289931,0.0860671228891916,0.099210642156923,0.115093144326929,0.0877206940690814,0.0996062066679257,0.108830698930947,47,50,53,100
"54",0.1,83,"equal",0.297503,0.30358,0.310606,0.349011333333333,0.352193333333333,0.355304,0.0379151826180389,0.0439369257601602,0.0494708170524761,0.0406115772129424,0.0478314973178028,0.0548964468822415,0.164026239394074,0.198766979115101,0.224604752331524,0.200158007339251,0.224179381638235,0.24496643334509,0.086285001754103,0.0991301602382667,0.114736261265705,0.0874276087084641,0.0995426225212888,0.108646740542788,47,50,53,100
"55",0.1,84,"equal",0.298625,0.30488,0.311553,0.350375,0.353526666666667,0.356554333333333,0.0397723079017404,0.0454736652109042,0.0509429875719046,0.0420801406256287,0.0495849914013526,0.0564648199439066,0.164105601594562,0.199225379581908,0.224559579131958,0.200319024302001,0.224250920963728,0.246359733520318,0.0867256465283565,0.0993359111806449,0.114496415121548,0.0874060200781615,0.0994329126407122,0.108825426358398,47,50,53,100
"56",0.1,85,"equal",0.29953,0.30568,0.312503,0.351724333333333,0.35488,0.357979333333333,0.0414156498746506,0.0470181769546425,0.0523837052758303,0.0437028363977205,0.0513101771837444,0.0580515283425271,0.164826883037394,0.199132579044212,0.225477474036815,0.200454508224816,0.224616259490466,0.247778138533781,0.0864200254146641,0.0996138003702121,0.114810460033675,0.0873692201243872,0.0992876370823003,0.109041498724659,47,50,53,100
"57",0.1,86,"equal",0.300597,0.30684,0.313935,0.353076666666667,0.356226666666666,0.3591,0.0429286304153213,0.048471341137329,0.054000976642541,0.0460239962892908,0.0529031817712305,0.0593262684846217,0.165598594504906,0.199778099724045,0.225742973250955,0.200571247104228,0.224951200115441,0.247892059717631,0.086674665728221,0.0996372384632694,0.114959145973214,0.0872168182380344,0.0993919674959451,0.109098804694834,47,50,53,100
"58",0.1,87,"equal",0.301755,0.30768,0.315171,0.354231666666667,0.357553333333334,0.360371333333333,0.0444742587620916,0.0497934309349513,0.0554198017052374,0.0474242122183412,0.0547045186331047,0.0612318471411085,0.164516799207947,0.199173168745362,0.225969008358784,0.200458860922609,0.225164224362956,0.247829984675858,0.0862987189643968,0.099866185988769,0.115021173835218,0.0871720935685296,0.0994199226819681,0.109151202964981,47,50,53,100
"59",0.1,88,"equal",0.302917,0.30898,0.315936,0.355690666666667,0.35894,0.361839,0.0458406455206637,0.051193054871879,0.05698309508028,0.0491456441710551,0.0562418030819496,0.0629184091281254,0.164368797933702,0.198980820808891,0.22547475282613,0.200354368802242,0.225416422491531,0.248308989990794,0.0861399080873522,0.0998950572725344,0.115245642418104,0.0870437066290378,0.0995371058159105,0.109239529803677,47,50,53,100
"60",0.1,89,"equal",0.304361,0.3101,0.317258,0.357051,0.36034,0.363187,0.0473602812459535,0.0528122034098749,0.0584882025226311,0.0505771015315769,0.0577657820468628,0.0645690688844335,0.16319167368392,0.19894587625666,0.226125915205975,0.200959669759781,0.224853747404102,0.247618663948417,0.0863643667458763,0.0997936561135611,0.115111833963295,0.0871479095112264,0.0994775302416397,0.109157349536783,47,50,53,100
"61",0.1,90,"equal",0.305593,0.31126,0.318349,0.358273333333333,0.36174,0.364627,0.0491398333750078,0.0543333284469229,0.0597600728419891,0.0521259237518888,0.0595234278137523,0.066684168265822,0.162108128621603,0.199066888387848,0.226542075155835,0.200812982524082,0.224936393020622,0.247322897914715,0.0861566199285293,0.0996480153484035,0.115123409252823,0.0870261377167555,0.0995517809245102,0.109137089894882,47,50,53,100
"62",0.1,91,"equal",0.306637,0.31238,0.31913,0.359623,0.363033333333333,0.365944666666667,0.0505703078792487,0.0559857693493447,0.0611752639511469,0.0539018622506253,0.0611862935637695,0.0681799002547451,0.160131471594748,0.198468825269913,0.225077612358773,0.200204177505862,0.225360750430291,0.247240799478894,0.0862525082311042,0.0997668521511324,0.11515213416237,0.0869348854392087,0.0995955734350576,0.109106081994721,47,50,53,100
"63",0.1,92,"equal",0.307624,0.31352,0.320319,0.361000666666667,0.364466666666667,0.367489,0.0521698920513286,0.0576033276948485,0.0625938180660395,0.0555355517752735,0.0628205931250641,0.0697811067144023,0.160068636466832,0.198339707228357,0.225953781151062,0.200684626918861,0.225163052913558,0.248273234987529,0.086179059237593,0.0997772656229907,0.115188200344382,0.0869686123457566,0.0995794806829437,0.109116240170214,47,50,53,100
"64",0.1,93,"equal",0.308694,0.31478,0.321393,0.362217333333333,0.365753333333333,0.369012333333333,0.053697894844453,0.0589503051540392,0.0639609607718275,0.0568349041794805,0.0643190888130162,0.0712770154176501,0.159892711324813,0.198368365066089,0.225607738546865,0.201176882249644,0.225216112410857,0.24854446599662,0.0861979018612183,0.0997792290289849,0.115177826407933,0.0869808688273103,0.0995558912398024,0.109070240278747,47,50,53,100
"65",0.1,94,"equal",0.30994,0.31578,0.322717,0.363493666666667,0.367073333333333,0.370445,0.0548265218811555,0.060379846544872,0.0652250549210618,0.0581384050762659,0.0657562795171337,0.0726277717084112,0.159618446874052,0.198113007421585,0.22539742189836,0.201265731911866,0.225144335099882,0.248688716867604,0.0861886143412946,0.099608999547669,0.115285513759655,0.0869052583804658,0.0995430523634757,0.109198752582836,47,50,53,100
"66",0.1,95,"equal",0.311222,0.31696,0.323894,0.364726666666667,0.368326666666667,0.371635,0.0563286282351826,0.0618367291946592,0.0668543411882758,0.0597795701967159,0.0674436123380021,0.0741438017964788,0.159100938738326,0.197405684309875,0.224852234465553,0.200893257439385,0.225023526199988,0.248447730908741,0.0861075055925494,0.0995273038920063,0.115434929117111,0.0868939118265355,0.0995624830689692,0.109135140342989,47,50,53,100
"67",0.1,96,"equal",0.312213,0.31822,0.324925,0.366078333333333,0.369633333333333,0.372924333333333,0.0576301498023151,0.0631337774707479,0.0681008425602382,0.0614729444869934,0.0689346390723724,0.075646723965745,0.160420633626353,0.19667083193479,0.223767381854288,0.200478969752612,0.225074294044057,0.249013889958385,0.0860312687400357,0.0994638135212857,0.11534172920911,0.0868629551007795,0.0994872405910101,0.109115122012831,47,50,53,100
"68",0.1,97,"equal",0.313333,0.31936,0.326157,0.367222,0.370886666666667,0.374118,0.0588350565005478,0.0643825420972529,0.069146932139434,0.0629929013721952,0.0703828610836484,0.0771280018517973,0.16103954537349,0.196491355893435,0.223543796192659,0.200282145613029,0.224923277219384,0.24943953643036,0.0859407101349983,0.0993396425014346,0.115294201341752,0.0869157286429357,0.0995703119133676,0.109170669976824,47,50,53,100
"69",0.1,98,"equal",0.314479,0.32038,0.327347,0.368393333333333,0.372166666666667,0.375264666666667,0.0601717794090017,0.0658568196227872,0.07041250586046,0.0645560903403806,0.0720561810730362,0.0790118819067067,0.15992581359666,0.195994625805633,0.223846955356992,0.200060653203621,0.225290529876965,0.249218055769897,0.0859848220818285,0.0992333645939421,0.115295919767655,0.0869054097343504,0.0995538915229411,0.109179882567448,47,50,53,100
"70",0.1,99,"equal",0.315681,0.32144,0.328301,0.36966,0.37342,0.376339666666667,0.0615438422368445,0.0670423704418412,0.0716274028341563,0.0660868933278772,0.0732177230837376,0.0806297931234558,0.159643150910671,0.195407686450103,0.224174563211253,0.200170154011864,0.225006121737472,0.248469432392482,0.086023835480207,0.0991747117990132,0.115290136910162,0.0869054097343504,0.099513335415153,0.109148424124773,47,50,53,100
"71",0.1,100,"equal",0.316679,0.3225,0.329324,0.37085,0.37458,0.377599333333333,0.0628139970597876,0.0682286033688788,0.0729331471942175,0.0676224959973053,0.0746696447945333,0.0818644447690931,0.160430864384998,0.194948502150345,0.223350061540444,0.200142125627147,0.224730142273596,0.248438572347078,0.0859708418454537,0.0991693426963771,0.115120623210041,0.0868618931094925,0.0995109015557084,0.109115922812195,47,50,53,100
"72",0.1,30,"highUnequal",0.454274,0.4611,0.467745,0.457392333333333,0.4614,0.463974,0,0.000167014831313734,0.000336531033986465,0,0,0.000777174651587673,-0.413101491370893,-0.00988883346564661,0.256084974408068,-0.0554094760976361,0.0893167117090344,0.206837613225956,-2.21586289726534,-1.27735042735043,-0.729933504933505,-0.0579769873940422,0.089679657871379,0.207112068965518,47,50,53,100
"73",0.1,31,"highUnequal",0.462676,0.46978,0.476327,0.466101666666667,0.470026666666666,0.472741,0,0.000163952384182436,0.000358275544504567,0,0.000363108972246028,0.00093580982590421,-0.417600738413925,-0.00951127899563952,0.225574926182882,-0.0483845011958066,0.0855539998425837,0.207193039704373,-2.21215873015873,-1.26797385620915,-0.766628787878788,-0.0538147530349365,0.0826702833031948,0.197187117524834,47,50,53,100
"74",0.1,32,"highUnequal",0.470312,0.47768,0.484629,0.474256333333333,0.478346666666666,0.481150666666667,2.53117339869977e-05,0.000160776109305179,0.000426627577942059,0,0.000357653836879918,0.00127386731950201,-0.331336122722452,-0.0156469453225688,0.196585478978792,-0.0487045690353422,0.07868377561542,0.192694894301106,-2.08704906204906,-1.27044639947866,-0.828528435035284,-0.0564541903409091,0.0815452072514219,0.183022747901067,47,50,53,100
"75",0.1,33,"highUnequal",0.477573,0.48568,0.492355,0.481078,0.486333333333334,0.489698666666667,5.20248734078578e-05,0.000208708357439255,0.000419302298136097,0,0.000349772818945037,0.00124180433255523,-0.335272779855932,-0.0247760406249538,0.167069388642119,0.00401449949081178,0.0956906428060942,0.196230134026606,-2.07723950026582,-1.27301587301588,-0.879007266760431,-0.00271855206952425,0.0967259285337088,0.190304182509506,47,50,53,100
"76",0.1,34,"highUnequal",0.484502,0.49308,0.49959,0.487476333333333,0.494033333333333,0.497655333333333,0.000101238829886251,0.00025380072397589,0.000560809241866804,0,0.000347584331183473,0.00136830688301173,-0.301960001867953,-0.014042136857939,0.148953520401336,0.0114716935212875,0.0976383794040188,0.184088115013101,-1.93178030303031,-1.2717803030303,-0.91034170802316,0.00610890999112419,0.0989200222609834,0.179414927261227,47,50,53,100
"77",0.1,35,"highUnequal",0.490714,0.49986,0.507457,0.493457333333333,0.50144,0.505149666666667,9.91541838948066e-05,0.000295742308566239,0.000574216464377346,0,0.000646312842149497,0.00135161425783323,-0.314819518271202,-0.0267753895594173,0.148193730493567,0.0166536676659227,0.0925460713409503,0.184173172465092,-1.93350550190882,-1.29394226082968,-0.898807519640854,0.0130660935050249,0.0916460030927874,0.178787736106562,47,50,53,100
"78",0.1,36,"highUnequal",0.496537,0.50624,0.514303,0.499289333333333,0.5079,0.512527666666667,9.75214781845516e-05,0.000339970859640602,0.000631736936571536,0,0.000644745593614899,0.00159417207193196,-0.289064598215318,-0.0354472612807267,0.124908834856262,0.0141090294127775,0.0981295867937326,0.178155560537757,-1.89557291666667,-1.29312169312169,-0.965500254258835,0.0157380967161214,0.095278390322095,0.168810054812948,47,50,53,100
"79",0.1,37,"highUnequal",0.500971,0.51266,0.521155,0.504030666666667,0.513606666666667,0.519368,0.000141958582453154,0.000424058277106999,0.00068488786891086,0,0.000637958597606241,0.00158682318104907,-0.233603204468281,-0.0363010909985122,0.0992517906055634,0.0211642094207051,0.0957077011988723,0.168921009416004,-1.76465286271769,-1.28033921772239,-1.01979166666667,0.018567494201982,0.0925328743454807,0.158727113208596,47,50,53,100
"80",0.1,38,"highUnequal",0.503672,0.51776,0.527261,0.508594666666667,0.519253333333333,0.525802666666667,0.000162032888111235,0.000463445731113793,0.000852726604205639,0,0.000903070521326138,0.00215936925903245,-0.233680427720709,-0.0509065051069993,0.0922643124027937,0.0226121841658629,0.0980811760378145,0.162884851673544,-1.74088246972404,-1.30658135967374,-1.01474442646061,0.0222019187676184,0.0934180403139105,0.150538007575907,47,50,53,100
"81",0.1,39,"highUnequal",0.50633,0.52218,0.532766,0.511442666666667,0.523933333333333,0.532006333333333,0.000227439456443089,0.000543970992685169,0.000963531119993061,0,0.000894321081130078,0.00237131608736621,-0.23427364849339,-0.044202200302727,0.0744099304416028,0.0349233972353049,0.0968587485242534,0.153379187643613,-1.6865188172043,-1.28409822866345,-1.0541915153158,0.0338755477069887,0.0952984073718106,0.142331689610301,47,50,53,100
"82",0.1,40,"highUnequal",0.5087,0.52578,0.537501,0.513346666666667,0.52788,0.537186666666667,0.00031294636832249,0.000623802566529386,0.00114276831862481,0.00028835119316043,0.000917954499114484,0.00263547073011117,-0.214713155387651,-0.0515347687016572,0.0750494267364597,0.0417341241187074,0.0971114876679685,0.154841365885274,-1.65899207566462,-1.29426686960934,-1.05630390664637,0.0408305614542812,0.0929972216417853,0.144194903166751,47,50,53,100
"83",0.1,41,"highUnequal",0.508409,0.52892,0.542224,0.514442333333333,0.53152,0.542588666666667,0.000394642570010045,0.000736026358257297,0.00134988391513535,0.000288128682325783,0.00117079606593331,0.00309939608720096,-0.205124907704805,-0.0485769843217541,0.0628573455710714,0.0551807858722749,0.0970254578059298,0.149877103667557,-1.58868296716276,-1.28723723723723,-1.0758033033033,0.0547276788523732,0.0946254075353802,0.135909868034407,47,50,53,100
"84",0.1,42,"highUnequal",0.506573,0.53084,0.546486,0.514149666666667,0.533993333333333,0.547145666666667,0.000429553331236643,0.000828332806697977,0.00144662736907112,0.000282079579559866,0.0014277752432253,0.00353628598331988,-0.197865139125306,-0.0482187672026294,0.0408434989963455,0.0520884802464002,0.0999513560666309,0.148252628037341,-1.60113063827358,-1.26478443626084,-1.11640501126596,0.0554063755435326,0.0922470517253849,0.133187251491533,47,50,53,100
"85",0.1,43,"highUnequal",0.504738,0.53164,0.55025,0.512813,0.53554,0.550968333333333,0.000442462482350747,0.000962406036627114,0.00170339227310247,0.000549040359861095,0.00162535700762301,0.00371466331844505,-0.188605815412518,-0.0511726390005139,0.0455056252263594,0.056345642178174,0.0993348900653099,0.145342351282248,-1.56008014931928,-1.26387122579587,-1.09805870270987,0.0578234184019256,0.0933054608160652,0.135674990638099,47,50,53,100
"86",0.1,44,"highUnequal",0.500834,0.5313,0.551902,0.510434333333333,0.535866666666666,0.554138,0.000598985859274348,0.00112717215974667,0.00185702962668825,0.000542728662408371,0.00207013801143276,0.00429106999659412,-0.200016262214018,-0.0625843423995062,0.0293393034318993,0.0637630975568153,0.101910030059339,0.14676646038647,-1.55419298585546,-1.27143488609317,-1.12287145713476,0.0623084768336933,0.0938409733551146,0.130734637504293,47,50,53,100
"87",0.1,45,"highUnequal",0.495211,0.52984,0.553045,0.506537,0.535386666666666,0.556894,0.000609715768894666,0.00130437283578155,0.00213875407715733,0.000782518582046884,0.00232228412701372,0.00480990053670471,-0.174386754080906,-0.0624898754631071,0.025235394489514,0.0654893890846244,0.106928129667564,0.143562784117776,-1.49650632802296,-1.27359098556388,-1.14629720234576,0.066353208383462,0.0973298276037851,0.129848687812552,47,50,53,100
"88",0.1,46,"highUnequal",0.488456,0.52642,0.553898,0.501462333333333,0.53362,0.558198,0.000775052853091022,0.00154838551718642,0.00243389727064428,0.000773680324798897,0.00256750849963966,0.00528061518824861,-0.169121908172592,-0.070125525317962,0.00498667079391077,0.0710488064948213,0.113334049942841,0.146006758144051,-1.47439263552277,-1.27250945775536,-1.14147493131868,0.0675565354612188,0.095753652125679,0.125345626514452,47,50,53,100
"89",0.1,47,"highUnequal",0.480463,0.5222,0.554105,0.494316333333333,0.53026,0.558297333333333,0.000932304788404744,0.00178234242066589,0.00278959974211071,0.0012506980611235,0.00296051274167144,0.00570930583800004,-0.189729253020337,-0.0759702072461075,0.0113228208676974,0.067557269398995,0.115321132901506,0.146736987199158,-1.4816562722737,-1.27229204605388,-1.13306005658437,0.0674005470564454,0.0990410028889149,0.129116118456604,47,50,53,100
"90",0.1,48,"highUnequal",0.469724,0.51636,0.553204,0.486014333333333,0.525353333333333,0.557774333333333,0.00112525231858257,0.00205537096092482,0.00318823339272186,0.00134542936930944,0.00344438245169933,0.00636573296909975,-0.206515718017022,-0.0820525418343278,0.00628399931432005,0.0720190694104074,0.115452166656417,0.146011940955078,-1.46971781305114,-1.27084840521081,-1.13771127483938,0.0706692325557912,0.0997603096339585,0.123053897953426,47,50,53,100
"91",0.1,49,"highUnequal",0.458575,0.5083,0.549932,0.476809,0.51906,0.555629666666667,0.00129827048270419,0.00237001411068345,0.00351832999159144,0.00178070672428233,0.00394982777265299,0.00694169612157278,-0.181789428575208,-0.0920754014720805,-0.00802133934095044,0.0769480149741745,0.118005310696045,0.150950596593744,-1.4403548513534,-1.27203968532491,-1.14898377292956,0.0700319089481974,0.0992122797185379,0.124333508642061,47,50,53,100
"92",0.1,50,"highUnequal",0.446565,0.4992,0.546051,0.466701,0.511293333333333,0.552239,0.00148957841370665,0.00265605321917309,0.00408977470068276,0.00219971519405901,0.00452030561740815,0.00767888521307194,-0.189209746463522,-0.100756646367395,-0.0167569153797772,0.0816016451968318,0.122221223158041,0.15192709510876,-1.43334565721223,-1.26471172980611,-1.13540444382098,0.0704421415286678,0.0992425579432223,0.123622255544181,47,50,53,100
"93",0.1,51,"highUnequal",0.432846,0.48874,0.539243,0.455805,0.502733333333333,0.548027333333333,0.00177772395090296,0.00300567107238848,0.00465194747276629,0.00257715128145142,0.00511169327775671,0.00872271075580408,-0.201513382779932,-0.10933447797824,-0.0292725945281388,0.0879816065452705,0.125892140263887,0.157424650228336,-1.43118870858999,-1.26022997566102,-1.12635316217909,0.0717253344576886,0.0990492119547929,0.122775358556942,47,50,53,100
"94",0.1,52,"highUnequal",0.419444,0.47688,0.531652,0.444758333333333,0.492653333333333,0.541598,0.00207309860162593,0.00345032058363076,0.00525913580878777,0.0029993583518313,0.00588865305074037,0.00980685791559739,-0.200096098393785,-0.114467048328657,-0.031729504953216,0.098097118678886,0.128919834420644,0.160572909766443,-1.40396347277598,-1.24596775199251,-1.1206780725912,0.0795072780509674,0.099793754424106,0.124420061650591,47,50,53,100
"95",0.1,53,"highUnequal",0.406603,0.46258,0.522115,0.433020333333333,0.481993333333333,0.534015,0.0023575771646655,0.00388441827507116,0.00603596363584548,0.00360900877203201,0.00682548211754522,0.0111666698995274,-0.203654652791442,-0.123065139023913,-0.0399775200912691,0.101008695802994,0.134192434000274,0.161125679283484,-1.40358690156543,-1.24582027578364,-1.13588528564795,0.0799883286979226,0.0996902128415007,0.120316446241812,47,50,53,100
"96",0.1,54,"highUnequal",0.393111,0.44944,0.511595,0.420973666666667,0.470386666666667,0.52518,0.00286868253873893,0.00444614103021434,0.00686090412147225,0.00429251267084895,0.00764214037482859,0.0123376353515837,-0.218149715468728,-0.12499019971299,-0.0542849643639225,0.103414723979283,0.138349931614979,0.166946883545977,-1.39449183463189,-1.23336571987707,-1.12719301089212,0.0787972709933627,0.100435734389659,0.117814137600222,47,50,53,100
"97",0.1,55,"highUnequal",0.379093,0.43518,0.499628,0.409529333333333,0.458413333333334,0.515701,0.00315802290423133,0.00509235160358286,0.00776045915752019,0.00493492432732454,0.00864623120855445,0.013850567686913,-0.215841058189013,-0.135838031684714,-0.0672336638568442,0.107991894538059,0.14170492000831,0.171802076238249,-1.37249719147416,-1.22705875705088,-1.1279409348865,0.0831224058143222,0.0993692491670514,0.114776088007029,47,50,53,100
"98",0.1,56,"highUnequal",0.365252,0.42136,0.487189,0.398916,0.44584,0.504433333333333,0.00364992753863114,0.00560533795678409,0.00870976887908172,0.00596826107875832,0.00974341145870062,0.0155356582152767,-0.215084860069978,-0.145799893695788,-0.07860009627863,0.112807580325151,0.147236543086686,0.174496586811447,-1.35178356555717,-1.22410104290356,-1.12272762081247,0.0840015457216022,0.100849469864761,0.112860092068105,47,50,53,100
"99",0.1,57,"highUnequal",0.35404,0.4061,0.472581,0.389206666666667,0.43344,0.492014666666667,0.00409508388421049,0.00630950784596876,0.00975017239161494,0.00655303490220419,0.0111870461073463,0.0166238227268039,-0.232469184215869,-0.154675835344853,-0.0830991960939765,0.119382777499373,0.153336593213428,0.181720290210258,-1.3459860251345,-1.21780425962896,-1.106134795464,0.0826479589433355,0.100225504779396,0.113125327893166,47,50,53,100
"100",0.1,58,"highUnequal",0.34314,0.39206,0.457554,0.379456333333333,0.421506666666666,0.479422666666667,0.00474733578219978,0.00711787500026453,0.0108011595420897,0.00750571601174468,0.0124802944669525,0.0181991311058679,-0.24927250499947,-0.167531228027929,-0.101807450958016,0.127441420722867,0.159045816107243,0.188093682990263,-1.34522130243397,-1.21012676740635,-1.11019412514429,0.0827246177002328,0.0994424093703349,0.112472936436888,47,50,53,100
"101",0.1,59,"highUnequal",0.333787,0.3791,0.444008,0.371657666666667,0.409986666666666,0.466228666666667,0.00550367879852462,0.00791251465767275,0.0119271681876027,0.00876535354338761,0.0139607881284487,0.0195833440485987,-0.259779052059036,-0.17626157274714,-0.110237154980966,0.132081027335101,0.164983086325011,0.194099904305902,-1.34080722740985,-1.19722358773567,-1.10140976872258,0.0821220507008556,0.0999499989635497,0.110691729717306,47,50,53,100
"102",0.1,60,"highUnequal",0.325441,0.36632,0.429436,0.363943,0.398646666666666,0.453164666666667,0.00622097507393672,0.00894022532851175,0.0130714314900659,0.00947458719689743,0.0154883477278723,0.0219610928815375,-0.272949562983518,-0.190099298494461,-0.119515937488248,0.133882560011485,0.17029930260563,0.196381475628179,-1.32809447180832,-1.19159340405063,-1.09602859719566,0.0832855500251315,0.100204624988872,0.110993027354922,47,50,53,100
"103",0.1,61,"highUnequal",0.318519,0.35674,0.414458,0.356966333333333,0.3888,0.439685333333333,0.00695462234516369,0.00997003330914053,0.0142678486847065,0.011205798150129,0.0174244015227156,0.0240537007911244,-0.27985825125068,-0.195875256736982,-0.136724238042989,0.139647201878606,0.176416622762174,0.201251375866481,-1.32778381677011,-1.18162433921337,-1.09590860259145,0.0827336297585462,0.0998620580091799,0.109787535744474,47,50,53,100
"104",0.1,62,"highUnequal",0.312427,0.34594,0.399782,0.351470333333333,0.38022,0.426191,0.00781777001829913,0.0111566538328161,0.0154967515221171,0.0126094903006613,0.019298818159724,0.0268412905151699,-0.277969225785394,-0.209352127950069,-0.144318001559308,0.14735675212378,0.181509127576765,0.20492035075913,-1.29900157921642,-1.1705975660266,-1.09249898132729,0.0844187269510336,0.100227266876339,0.109276348760022,47,50,53,100
"105",0.1,63,"highUnequal",0.307553,0.33694,0.386016,0.34719,0.372493333333334,0.414326,0.009020637394743,0.012244541077785,0.0168676816673714,0.014511818691224,0.021728120768451,0.0290444636448258,-0.285259454039468,-0.218662588043153,-0.152560558361379,0.153716876245226,0.187746241295958,0.210420243626245,-1.26457843046671,-1.15881495507438,-1.08348477468026,0.0843615036033676,0.099480230245946,0.108555450681243,47,50,53,100
"106",0.1,64,"highUnequal",0.303189,0.3285,0.373089,0.343647333333333,0.3658,0.402824666666667,0.00999553446923021,0.0135180774558032,0.018209929288826,0.0158058709608118,0.0237122677763541,0.0327957573786594,-0.294188535064303,-0.224580589573099,-0.164125186005644,0.154784647914329,0.191605567902042,0.215693231660852,-1.23874483570429,-1.14931906863561,-1.07589697128175,0.0840339358974804,0.0988381963321759,0.10863463732696,47,50,53,100
"107",0.1,65,"highUnequal",0.300087,0.32176,0.360988,0.341064333333333,0.3604,0.393322666666667,0.0110039235182328,0.0147526490802475,0.0196575008950603,0.0176648857696902,0.0255812042356316,0.0358625153928041,-0.301833120241138,-0.230317128274371,-0.173510128062263,0.158844858227035,0.196740991543707,0.219971942396241,-1.22855963671421,-1.14244467457084,-1.07387690907454,0.0843819514940053,0.098897960916814,0.109611861676197,47,50,53,100
"108",0.1,66,"highUnequal",0.296994,0.31564,0.351012,0.339155,0.3555,0.384875666666667,0.012036026372387,0.0161091454890006,0.0211640724980656,0.0191941472789077,0.0282683591104785,0.0382069202590602,-0.308784093282372,-0.240730856594799,-0.187516962223661,0.165600919182627,0.199625830955602,0.222289777461734,-1.22614038460547,-1.13127445103282,-1.06642095938018,0.0853887295734354,0.0996844733408377,0.109395358096135,47,50,53,100
"109",0.1,67,"highUnequal",0.29421,0.31104,0.342016,0.337729,0.351806666666666,0.377607666666667,0.0132630501459823,0.0175689124029809,0.0227951268616641,0.0208975879772846,0.030673044828451,0.0419227887276223,-0.316661767768192,-0.246746902192356,-0.193947476709244,0.171386307942616,0.205987130240076,0.227263795706453,-1.21395816327774,-1.12586385333245,-1.05868199503695,0.0857356052362608,0.0998770640365781,0.109598343055184,47,50,53,100
"110",0.1,68,"highUnequal",0.293068,0.30766,0.334187,0.337078333333333,0.349093333333333,0.370509,0.0142277075958732,0.0190473144838627,0.0245635827188395,0.0237548236737214,0.0328550334971451,0.0451001181151312,-0.325586584098337,-0.254556369563463,-0.204529084594803,0.175663791968488,0.207622243694829,0.228730366127146,-1.19503324786301,-1.11495619535407,-1.05811859517001,0.0857178093335765,0.0999456626204015,0.109515938727059,47,50,53,100
"111",0.1,69,"highUnequal",0.291904,0.30416,0.326924,0.3368,0.346773333333333,0.365433666666667,0.0155968747640541,0.0207704965490489,0.0261419453340403,0.0256593641737531,0.0359333511600039,0.0475469104678767,-0.32613686972849,-0.259974369141147,-0.214835786674152,0.180117596596932,0.209545518747763,0.231923413898436,-1.18738417243966,-1.10778607911586,-1.0541294198165,0.0858956479532245,0.0998661463624916,0.109847253986608,47,50,53,100
"112",0.1,70,"highUnequal",0.291299,0.30168,0.321688,0.336377333333333,0.34514,0.360879333333333,0.0169955404286709,0.0222936738260398,0.0278579598116122,0.0276421693056703,0.0387783520504734,0.0504523535415643,-0.329962073653793,-0.26898321954607,-0.223601782793156,0.183183060708192,0.211018753370669,0.234051181838427,-1.17887717908506,-1.09968678640922,-1.04569793155013,0.0863593486676987,0.0990438437968306,0.109758096502843,47,50,53,100
"113",0.1,71,"highUnequal",0.291019,0.3001,0.3168,0.336776333333333,0.343993333333333,0.357331666666667,0.0183882777458791,0.0239545022599567,0.0293603700503002,0.029688436191231,0.0418396220481013,0.0536120199384191,-0.333417402633558,-0.274091373906572,-0.227603520388073,0.187472316052937,0.214482602824192,0.234482361392694,-1.17555054057631,-1.09319721727947,-1.03663650357711,0.0870936257906192,0.0991999334826072,0.110398335959487,47,50,53,100
"114",0.1,72,"highUnequal",0.290534,0.29918,0.312594,0.337496,0.34344,0.354373333333333,0.0198351879300699,0.0258540304039972,0.0310804571116525,0.0325632839336688,0.0444397010315812,0.05745741536393,-0.338663500638833,-0.283859124784081,-0.234081200859605,0.188293436706298,0.216020937009955,0.236358724515877,-1.16020350940513,-1.0882703620329,-1.03224427991951,0.0867414864488465,0.0996126809777838,0.11017679158765,47,50,53,100
"115",0.1,73,"highUnequal",0.290595,0.29848,0.310153,0.338014333333333,0.34324,0.352393333333333,0.0213746639762433,0.0274232123429691,0.0331000175410831,0.0349184982347229,0.0472969086521638,0.0609795382183179,-0.348725472886235,-0.286900320737992,-0.23479696296237,0.192753942160019,0.217171569201381,0.237493986613504,-1.15582408817156,-1.0833894943505,-1.02945548888785,0.0872685282399372,0.0992115712629509,0.109814790676743,47,50,53,100
"116",0.1,74,"highUnequal",0.290951,0.29822,0.308318,0.338947666666667,0.343466666666666,0.350783,0.0227607462657859,0.0291219959725967,0.0346962507142504,0.037661549721982,0.0504644790092403,0.0641089537093054,-0.355329475474203,-0.290639924901697,-0.243666545991295,0.192715408487312,0.218222405540048,0.239901178257337,-1.15477844916447,-1.07827425935894,-1.02791154552198,0.0873644762552893,0.0992457420812019,0.109635283177399,47,50,53,100
"117",0.1,75,"highUnequal",0.291335,0.29826,0.306904,0.339984,0.343713333333334,0.349949333333333,0.0244117680179411,0.030711806514353,0.0362528055726376,0.0407652579347913,0.0540102898724565,0.0675668206608928,-0.358018325411235,-0.296030646258686,-0.250775234895205,0.195379678704988,0.219680916047098,0.239670320380844,-1.14682306496164,-1.07440963110253,-1.02574091514781,0.0878302072772332,0.0992102542970244,0.109358497770696,47,50,53,100
"118",0.1,76,"highUnequal",0.291632,0.29852,0.306572,0.341092666666667,0.344426666666667,0.349761333333333,0.0261442093867085,0.0325204109579776,0.0377481695526234,0.0438317554987603,0.057274914549506,0.0710525215558158,-0.363165927185639,-0.298451962951719,-0.256961975221435,0.1975442359571,0.221142388696664,0.240219082484668,-1.14437074197266,-1.07335874629394,-1.02125503659948,0.0874504654563362,0.0992731912695319,0.10898227694916,47,50,53,100
"119",0.1,77,"highUnequal",0.29232,0.29878,0.306785,0.342019666666667,0.345266666666666,0.349986666666667,0.0278520066694001,0.0341150456468126,0.0396313994848267,0.0471497701038552,0.0602637631095981,0.0736563721436635,-0.372865837997831,-0.30391429675963,-0.257899191199302,0.19763068695349,0.221503174804264,0.241269148000322,-1.14424604231947,-1.06975428158733,-1.01834308131517,0.0874833058426027,0.099319107687338,0.108846011887379,47,50,53,100
"120",0.1,78,"highUnequal",0.293137,0.29938,0.307069,0.343315333333333,0.346266666666667,0.350694666666667,0.0295532808751874,0.0356770839759804,0.0410432104318071,0.050686423882076,0.063875524071227,0.0770609116442083,-0.375124281639457,-0.310127627660146,-0.263737408254063,0.198292424067213,0.22085174925356,0.242410935301545,-1.143420241831,-1.06855771092756,-1.01651492893027,0.0871656707783251,0.0995287090233506,0.108710566757215,47,50,53,100
"121",0.1,79,"highUnequal",0.294312,0.30012,0.307702,0.344441,0.347253333333333,0.351148,0.0310757236683856,0.0373417121625199,0.0430103395611513,0.0541526790338819,0.0666448467221037,0.0795405705124377,-0.380590145390161,-0.316605165344136,-0.26835748843817,0.199626358405642,0.222287148776969,0.242463609610218,-1.13992546955726,-1.06642884838157,-1.01235438957026,0.0874791922320493,0.0994866828789439,0.108525710203449,47,50,53,100
"122",0.1,80,"highUnequal",0.295137,0.30084,0.307825,0.345627666666667,0.348386666666667,0.351876,0.0329042835433398,0.0390255478714153,0.0447640227225553,0.0578003049570426,0.0701287732358137,0.0828988437849274,-0.385236698213647,-0.321495143111826,-0.271832241772101,0.19911324390382,0.222560393355442,0.243777549854131,-1.13981773059464,-1.06588038164812,-1.01078297264909,0.0874024921863736,0.099522074460702,0.108853029464516,47,50,53,100
"123",0.1,81,"highUnequal",0.295405,0.30174,0.308652,0.346838,0.349526666666666,0.35283,0.0344777601293657,0.0407561454358632,0.0462295336564939,0.0612963211877451,0.0730477168435948,0.086282457265996,-0.389745608213559,-0.326526918493505,-0.277933834592993,0.200305906989627,0.223253383948292,0.244695558039767,-1.13595706741442,-1.06401879069373,-1.01093742560837,0.0874588097703669,0.0997009145412773,0.108873608284843,47,50,53,100
"124",0.1,82,"highUnequal",0.296117,0.3027,0.309593,0.347966333333333,0.350826666666667,0.353973,0.0362354177811875,0.0422496558502532,0.0477006239925904,0.0647855232699408,0.0761817281442844,0.0885555222727615,-0.394231176103359,-0.331548686653908,-0.279916073033465,0.199976291677216,0.223377240448672,0.24563057289931,-1.1353038933016,-1.06278019796938,-1.00908403024664,0.0877206940690814,0.0996062066679257,0.108830698930947,47,50,53,100
"125",0.1,83,"highUnequal",0.297503,0.30358,0.310606,0.349011333333333,0.352193333333333,0.355304,0.0379151826180389,0.0439369257601602,0.0494708170524761,0.0674990620082576,0.079829038796701,0.0914030794092907,-0.397267419020447,-0.335273103560696,-0.282885767901081,0.200158007339251,0.224179381638235,0.24496643334509,-1.13490263136459,-1.06275187104203,-1.00859485071424,0.0874276087084641,0.0995426225212888,0.108646740542788,47,50,53,100
"126",0.1,84,"highUnequal",0.298625,0.30488,0.311553,0.350375,0.353526666666667,0.356554333333333,0.0397723079017404,0.0454736652109042,0.0509429875719046,0.070421575488362,0.0828826997178259,0.0952893269984643,-0.40115313190134,-0.338567490477191,-0.289842858455837,0.200319024302001,0.224250920963728,0.246359733520318,-1.13252090750685,-1.06219977418463,-1.00717290422485,0.0874060200781615,0.0994329126407122,0.108825426358398,47,50,53,100
"127",0.1,85,"highUnequal",0.29953,0.30568,0.312503,0.351724333333333,0.35488,0.357979333333333,0.0414156498746506,0.0470181769546425,0.0523837052758303,0.0732306162482891,0.0855280424617093,0.0989130408376571,-0.407333797782748,-0.34260708559566,-0.296060100532189,0.200454508224816,0.224616259490466,0.247778138533781,-1.12968770087141,-1.06126820794649,-1.00815662409426,0.0873692201243872,0.0992876370823003,0.109041498724659,47,50,53,100
"128",0.1,86,"highUnequal",0.300597,0.30684,0.313935,0.353076666666667,0.356226666666666,0.3591,0.0429286304153213,0.048471341137329,0.054000976642541,0.0761095547514002,0.0884653522700942,0.101458559382432,-0.41031209716089,-0.346903343374625,-0.296483172426001,0.200571247104228,0.224951200115441,0.247892059717631,-1.12764639163637,-1.0607694579503,-1.00780564827541,0.0872168182380344,0.0993919674959451,0.109098804694834,47,50,53,100
"129",0.1,87,"highUnequal",0.301755,0.30768,0.315171,0.354231666666667,0.357553333333334,0.360371333333333,0.0444742587620916,0.0497934309349513,0.0554198017052374,0.0793772498678349,0.0919143743248714,0.105002201257861,-0.413859062190408,-0.350975961610672,-0.298626434551971,0.200458860922609,0.225164224362956,0.247829984675858,-1.12647796115997,-1.06030183191998,-1.00774405737064,0.0871720935685296,0.0994199226819681,0.109151202964981,47,50,53,100
"130",0.1,88,"highUnequal",0.302917,0.30898,0.315936,0.355690666666667,0.35894,0.361839,0.0458406455206637,0.051193054871879,0.05698309508028,0.0824534756112689,0.0947235920914173,0.107204615565286,-0.418319457683471,-0.355580035911877,-0.303455091431568,0.200354368802242,0.225416422491531,0.248308989990794,-1.12541585128769,-1.05975513677555,-1.00786069972493,0.0870437066290378,0.0995371058159105,0.109239529803677,47,50,53,100
"131",0.1,89,"highUnequal",0.304361,0.3101,0.317258,0.357051,0.36034,0.363187,0.0473602812459535,0.0528122034098749,0.0584882025226311,0.0847514347361702,0.09757953867356,0.110531496868339,-0.422314149076825,-0.361018807675876,-0.309479854661252,0.200959669759781,0.224853747404102,0.247618663948417,-1.12494507574058,-1.05975452431415,-1.00760648154402,0.0871479095112264,0.0994775302416397,0.109157349536783,47,50,53,100
"132",0.1,90,"highUnequal",0.305593,0.31126,0.318349,0.358273333333333,0.36174,0.364627,0.0491398333750078,0.0543333284469229,0.0597600728419891,0.0874311534315815,0.100542706736941,0.113014436367066,-0.423226007005042,-0.363787607711329,-0.311912591908329,0.200812982524082,0.224936393020622,0.247322897914715,-1.12479710525543,-1.05904709079499,-1.00770018218871,0.0870261377167555,0.0995517809245102,0.109137089894882,47,50,53,100
"133",0.1,91,"highUnequal",0.306637,0.31238,0.31913,0.359623,0.363033333333333,0.365944666666667,0.0505703078792487,0.0559857693493447,0.0611752639511469,0.090656961836649,0.103989545231289,0.116000825321984,-0.429038418782285,-0.367629465842543,-0.313952991563033,0.200204177505862,0.225360750430291,0.247240799478894,-1.1246802945984,-1.05895892874383,-1.00761980600092,0.0869348854392087,0.0995955734350576,0.109106081994721,47,50,53,100
"134",0.1,92,"highUnequal",0.307624,0.31352,0.320319,0.361000666666667,0.364466666666667,0.367489,0.0521698920513286,0.0576033276948485,0.0625938180660395,0.0928351299625346,0.107259072547304,0.118767358567023,-0.43168797009112,-0.372577737175651,-0.318859356926841,0.200684626918861,0.225163052913558,0.248273234987529,-1.12511677344554,-1.05866678945622,-1.00818109625232,0.0869686123457566,0.0995794806829437,0.109116240170214,47,50,53,100
"135",0.1,93,"highUnequal",0.308694,0.31478,0.321393,0.362217333333333,0.365753333333333,0.369012333333333,0.053697894844453,0.0589503051540392,0.0639609607718275,0.0962265808554566,0.110066721265266,0.122205383371671,-0.435036098543887,-0.37673203817034,-0.321784015361118,0.201176882249644,0.225216112410857,0.24854446599662,-1.12501496136153,-1.0587192042326,-1.00811341093598,0.0869808688273103,0.0995558912398024,0.109070240278747,47,50,53,100
"136",0.1,94,"highUnequal",0.30994,0.31578,0.322717,0.363493666666667,0.367073333333333,0.370445,0.0548265218811555,0.060379846544872,0.0652250549210618,0.0996776174650593,0.112671038760417,0.124746662654349,-0.439815931101463,-0.379566300089124,-0.326265949328256,0.201265731911866,0.225144335099882,0.248688716867604,-1.12551875310083,-1.05869141982534,-1.00824464345708,0.0869052583804658,0.0995430523634757,0.109198752582836,47,50,53,100
"137",0.1,95,"highUnequal",0.311222,0.31696,0.323894,0.364726666666667,0.368326666666667,0.371635,0.0563286282351826,0.0618367291946592,0.0668543411882758,0.102071538822056,0.115678021699974,0.126956935256179,-0.444557926759935,-0.382159939441895,-0.329241857073224,0.200893257439385,0.225023526199988,0.248447730908741,-1.12575423091744,-1.05816552401157,-1.0080247363306,0.0868939118265355,0.0995624830689692,0.109135140342989,47,50,53,100
"138",0.1,96,"highUnequal",0.312213,0.31822,0.324925,0.366078333333333,0.369633333333333,0.372924333333333,0.0576301498023151,0.0631337774707479,0.0681008425602382,0.104423098472723,0.118149725291177,0.129443862219357,-0.44822997673125,-0.387987872998869,-0.333457517634771,0.200478969752612,0.225074294044057,0.249013889958385,-1.1253954289098,-1.05769549755682,-1.0079934135542,0.0868629551007795,0.0994872405910101,0.109115122012831,47,50,53,100
"139",0.1,97,"highUnequal",0.313333,0.31936,0.326157,0.367222,0.370886666666667,0.374118,0.0588350565005478,0.0643825420972529,0.069146932139434,0.106988633354171,0.121006455997945,0.131621684094648,-0.453701583015554,-0.391467026751698,-0.338084974695182,0.200282145613029,0.224923277219384,0.24943953643036,-1.12537405628549,-1.05794014719638,-1.00726948287827,0.0869157286429357,0.0995703119133676,0.109170669976824,47,50,53,100
"140",0.1,98,"highUnequal",0.314479,0.32038,0.327347,0.368393333333333,0.372166666666667,0.375264666666667,0.0601717794090017,0.0658568196227872,0.07041250586046,0.109975208376076,0.123780947185202,0.134105406933304,-0.457915432742015,-0.395147778501932,-0.341075019614574,0.200060653203621,0.225290529876965,0.249218055769897,-1.12435732017474,-1.05792677297058,-1.00738698138193,0.0869054097343504,0.0995538915229411,0.109179882567448,47,50,53,100
"141",0.1,99,"highUnequal",0.315681,0.32144,0.328301,0.36966,0.37342,0.376339666666667,0.0615438422368445,0.0670423704418412,0.0716274028341563,0.11260449932612,0.126909731046245,0.136446298002804,-0.461063339123474,-0.400033342685728,-0.345102978992082,0.200170154011864,0.225006121737472,0.248469432392482,-1.12441351191178,-1.05808962364892,-1.00767122595515,0.0869054097343504,0.099513335415153,0.109148424124773,47,50,53,100
"142",0.1,100,"highUnequal",0.316679,0.3225,0.329324,0.37085,0.37458,0.377599333333333,0.0628139970597876,0.0682286033688788,0.0729331471942175,0.115402403261569,0.129439138674838,0.139542629909984,-0.466042940214996,-0.403093034640264,-0.350054962928625,0.200142125627147,0.224730142273596,0.248438572347078,-1.1246258797822,-1.05800792983299,-1.00707744656668,0.0868618931094925,0.0995109015557084,0.109115922812195,47,50,53,100
"143",0.1,30,"modUnequal",0.454274,0.4611,0.467745,0.457392333333333,0.4614,0.463974,0,0.000167014831313734,0.000336531033986465,0,0.00028595941714978,0.000866669620269323,-0.458505023910641,0.00229211666533747,0.291070893269346,-0.0554094760976361,0.0893167117090344,0.206837613225956,-1.50885416666667,-0.702200577200577,-0.217056918339174,-0.0579769873940422,0.089679657871379,0.207112068965518,47,50,53,100
"144",0.1,31,"modUnequal",0.462676,0.46978,0.476327,0.466101666666667,0.470026666666666,0.472741,0,0.000163952384182436,0.000358275544504567,0,0.000280426446368599,0.000844993883089992,-0.320447957729724,0.0225560279321199,0.247787599930939,-0.0483845011958066,0.0855539998425837,0.207193039704373,-1.24245495495495,-0.697231735159817,-0.289380149812734,-0.0538147530349365,0.0826702833031948,0.197187117524834,47,50,53,100
"145",0.1,32,"modUnequal",0.470312,0.47768,0.484629,0.474256333333333,0.478346666666666,0.481150666666667,2.53117339869977e-05,0.000160776109305179,0.000426627577942059,0,0.000276281301766963,0.000973038262477851,-0.303187544719164,0.0222391659566674,0.215537837453679,-0.0487045690353422,0.07868377561542,0.192694894301106,-1.21145833333333,-0.672839506172839,-0.346171171171171,-0.0564541903409091,0.0815452072514219,0.183022747901067,47,50,53,100
"146",0.1,33,"modUnequal",0.477573,0.48568,0.492355,0.481078,0.486333333333334,0.489698666666667,5.20248734078578e-05,0.000208708357439255,0.000419302298136097,0,0.000517340577707238,0.001072264057069,-0.264471243382424,0.0231130804916775,0.198746159602269,0.00401449949081178,0.0956906428060942,0.196230134026606,-1.16192380460956,-0.661131003827633,-0.388691342402193,-0.00271855206952425,0.0967259285337088,0.190304182509506,47,50,53,100
"147",0.1,34,"modUnequal",0.484502,0.49308,0.49959,0.487476333333333,0.494033333333333,0.497655333333333,0.000101238829886251,0.00025380072397589,0.000560809241866804,0,0.000515862917778942,0.00129853725062712,-0.195567756958584,0.0185857504964823,0.173614567762557,0.0114716935212875,0.0976383794040188,0.184088115013101,-1.03883179777935,-0.674517689842209,-0.41250987947046,0.00610890999112419,0.0989200222609834,0.179414927261227,47,50,53,100
"148",0.1,35,"modUnequal",0.490714,0.49986,0.507457,0.493457333333333,0.50144,0.505149666666667,9.91541838948066e-05,0.000295742308566239,0.000574216464377346,0,0.000508841188470737,0.00140069204397325,-0.176611810670468,0.0274958671722614,0.159669817782851,0.0166536676659227,0.0925460713409503,0.184173172465092,-0.996008403361344,-0.672945910537151,-0.454718137254902,0.0130660935050249,0.0916460030927874,0.178787736106562,47,50,53,100
"149",0.1,36,"modUnequal",0.496537,0.50624,0.514303,0.499289333333333,0.5079,0.512527666666667,9.75214781845516e-05,0.000339970859640602,0.000631736936571536,0,0.000504605166668025,0.00160516282184991,-0.167775746186927,0.00891974022993003,0.165808521738915,0.0141090294127775,0.0981295867937326,0.178155560537757,-0.988665501165504,-0.694453086803858,-0.439135338345865,0.0157380967161214,0.095278390322095,0.168810054812948,47,50,53,100
"150",0.1,37,"modUnequal",0.500971,0.51266,0.521155,0.504030666666667,0.513606666666667,0.519368,0.000141958582453154,0.000424058277106999,0.00068488786891086,0,0.000719942404607631,0.00181581609393824,-0.130382865019732,0.00258402018399706,0.15490776050307,0.0211642094207051,0.0957077011988723,0.168921009416004,-0.922685185185185,-0.699444956005729,-0.455204752275025,0.018567494201982,0.0925328743454807,0.158727113208596,47,50,53,100
"151",0.1,38,"modUnequal",0.503672,0.51776,0.527261,0.508594666666667,0.519253333333333,0.525802666666667,0.000162032888111235,0.000463445731113793,0.000852726604205639,0,0.000918849069516256,0.00199433584546614,-0.151587683343105,-0.00126209637799102,0.144155007842326,0.0226121841658629,0.0980811760378145,0.162884851673544,-0.948888091822094,-0.695615654894719,-0.475734153065323,0.0222019187676184,0.0934180403139105,0.150538007575907,47,50,53,100
"152",0.1,39,"modUnequal",0.50633,0.52218,0.532766,0.511442666666667,0.523933333333333,0.532006333333333,0.000227439456443089,0.000543970992685169,0.000963531119993061,0,0.000920810752246105,0.00206306652523625,-0.134412575154867,0.00111590878946161,0.125571274896844,0.0349233972353049,0.0968587485242534,0.153379187643613,-0.919238921001927,-0.69075994760463,-0.498402474644884,0.0338755477069887,0.0952984073718106,0.142331689610301,47,50,53,100
"153",0.1,40,"modUnequal",0.5087,0.52578,0.537501,0.513346666666667,0.52788,0.537186666666667,0.00031294636832249,0.000623802566529386,0.00114276831862481,0.000224745485904691,0.00111309043413748,0.00220284407721967,-0.131738813493115,0.000731943212512687,0.126977974019933,0.0417341241187074,0.0971114876679685,0.154841365885274,-0.902549129606963,-0.682028518382388,-0.497790963431786,0.0408305614542812,0.0929972216417853,0.144194903166751,47,50,53,100
"154",0.1,41,"modUnequal",0.508409,0.52892,0.542224,0.514442333333333,0.53152,0.542588666666667,0.000394642570010045,0.000736026358257297,0.00134988391513535,0.000221836933396478,0.00111185234600845,0.00254662833162258,-0.137084154818392,0.00140791309197613,0.101636736614963,0.0551807858722749,0.0970254578059298,0.149877103667557,-0.890915595766342,-0.677485899883687,-0.515839438076359,0.0547276788523732,0.0946254075353802,0.135909868034407,47,50,53,100
"155",0.1,42,"modUnequal",0.506573,0.53084,0.546486,0.514149666666667,0.533993333333333,0.547145666666667,0.000429553331236643,0.000828332806697977,0.00144662736907112,0.000217611784724961,0.0013057681276919,0.00289927422906753,-0.125844399766643,-0.002467978453783,0.110442069854747,0.0520884802464002,0.0999513560666309,0.148252628037341,-0.880752081579193,-0.677565300929532,-0.509593181469916,0.0554063755435326,0.0922470517253849,0.133187251491533,47,50,53,100
"156",0.1,43,"modUnequal",0.504738,0.53164,0.55025,0.512813,0.53554,0.550968333333333,0.000442462482350747,0.000962406036627114,0.00170339227310247,0.000212891701053531,0.00148714787658853,0.003535812359908,-0.112271922248748,0.000401691795478498,0.0988978256827391,0.056345642178174,0.0993348900653099,0.145342351282248,-0.850865671641791,-0.674762379678741,-0.515551390214613,0.0578234184019256,0.0933054608160652,0.135674990638099,47,50,53,100
"157",0.1,44,"modUnequal",0.500834,0.5313,0.551902,0.510434333333333,0.535866666666666,0.554138,0.000598985859274348,0.00112717215974667,0.00185702962668825,0.000306054331459053,0.00185836018420137,0.00390673203862467,-0.0971297096799039,0.00148371769524025,0.0764042821708386,0.0637630975568153,0.101910030059339,0.14676646038647,-0.824222506434622,-0.670991617620831,-0.544966065898311,0.0623084768336933,0.0938409733551146,0.130734637504293,47,50,53,100
"158",0.1,45,"modUnequal",0.495211,0.52984,0.553045,0.506537,0.535386666666666,0.556894,0.000609715768894666,0.00130437283578155,0.00213875407715733,0.000603140181135635,0.002139468216944,0.00427510810149302,-0.0948950178022433,-0.0007715332142782,0.0652283156734307,0.0654893890846244,0.106928129667564,0.143562784117776,-0.817161102462089,-0.671706954514355,-0.558269782221189,0.066353208383462,0.0973298276037851,0.129848687812552,47,50,53,100
"159",0.1,46,"modUnequal",0.488456,0.52642,0.553898,0.501462333333333,0.53362,0.558198,0.000775052853091022,0.00154838551718642,0.00243389727064428,0.000687512549920796,0.00244162923728595,0.00454125880130517,-0.0895792068385607,0.000503608954838197,0.0705757557633806,0.0710488064948213,0.113334049942841,0.146006758144051,-0.804332686653459,-0.657724916863897,-0.553486880611698,0.0675565354612188,0.095753652125679,0.125345626514452,47,50,53,100
"160",0.1,47,"modUnequal",0.480463,0.5222,0.554105,0.494316333333333,0.53026,0.558297333333333,0.000932304788404744,0.00178234242066589,0.00278959974211071,0.000970128289006988,0.00283314996832137,0.00505497513872822,-0.0795668200289408,-0.00699074560562796,0.068248246784619,0.067557269398995,0.115321132901506,0.146736987199158,-0.772603594578102,-0.661618873775736,-0.549689617760248,0.0674005470564454,0.0990410028889149,0.129116118456604,47,50,53,100
"161",0.1,48,"modUnequal",0.469724,0.51636,0.553204,0.486014333333333,0.525353333333333,0.557774333333333,0.00112525231858257,0.00205537096092482,0.00318823339272186,0.00131368308860447,0.0031672272378592,0.00582008995454244,-0.0792140007989568,-0.00379815875005263,0.0551083364891189,0.0720190694104074,0.115452166656417,0.146011940955078,-0.759724328833611,-0.660211151653552,-0.561738874322767,0.0706692325557912,0.0997603096339585,0.123053897953426,47,50,53,100
"162",0.1,49,"modUnequal",0.458575,0.5083,0.549932,0.476809,0.51906,0.555629666666667,0.00129827048270419,0.00237001411068345,0.00351832999159144,0.00155133414894293,0.00346652174642473,0.00661556790485126,-0.074574838705292,-0.00391596040154496,0.0510504385466919,0.0769480149741745,0.118005310696045,0.150950596593744,-0.751443387056729,-0.659673270834426,-0.577690990674208,0.0700319089481974,0.0992122797185379,0.124333508642061,47,50,53,100
"163",0.1,50,"modUnequal",0.446565,0.4992,0.546051,0.466701,0.511293333333333,0.552239,0.00148957841370665,0.00265605321917309,0.00408977470068276,0.00187211562262946,0.00385123185485255,0.00727244012304988,-0.0809652262403639,-0.00590028127303855,0.0474215182469857,0.0816016451968318,0.122221223158041,0.15192709510876,-0.747415254237288,-0.652882785028702,-0.577724254002911,0.0704421415286678,0.0992425579432223,0.123622255544181,47,50,53,100
"164",0.1,51,"modUnequal",0.432846,0.48874,0.539243,0.455805,0.502733333333333,0.548027333333333,0.00177772395090296,0.00300567107238848,0.00465194747276629,0.00242074504741809,0.00434964526105148,0.00804360786817262,-0.0770471803276566,-0.0109393305608017,0.0390059472390715,0.0879816065452705,0.125892140263887,0.157424650228336,-0.735220605430911,-0.646742077977994,-0.577815829528158,0.0717253344576886,0.0990492119547929,0.122775358556942,47,50,53,100
"165",0.1,52,"modUnequal",0.419444,0.47688,0.531652,0.444758333333333,0.492653333333333,0.541598,0.00207309860162593,0.00345032058363076,0.00525913580878777,0.00269226690229654,0.00507667370874918,0.00905173127091126,-0.0736682109948474,-0.0157519746079447,0.0356248031260504,0.098097118678886,0.128919834420644,0.160572909766443,-0.730464623156849,-0.650372614210447,-0.574399411652593,0.0795072780509674,0.099793754424106,0.124420061650591,47,50,53,100
"166",0.1,53,"modUnequal",0.406603,0.46258,0.522115,0.433020333333333,0.481993333333333,0.534015,0.0023575771646655,0.00388441827507116,0.00603596363584548,0.00348531901898588,0.00579888758054841,0.00986735695684369,-0.0676548209574291,-0.0166955440080164,0.0447318841021684,0.101008695802994,0.134192434000274,0.161125679283484,-0.714581752055661,-0.646088808094398,-0.570424829850905,0.0799883286979226,0.0996902128415007,0.120316446241812,47,50,53,100
"167",0.1,54,"modUnequal",0.393111,0.44944,0.511595,0.420973666666667,0.470386666666667,0.52518,0.00286868253873893,0.00444614103021434,0.00686090412147225,0.00419632722759835,0.00642648572158439,0.0113302265953105,-0.0701167528726999,-0.0167746815322286,0.0326102148127199,0.103414723979283,0.138349931614979,0.166946883545977,-0.708228507695885,-0.642807878623512,-0.564593249067585,0.0787972709933627,0.100435734389659,0.117814137600222,47,50,53,100
"168",0.1,55,"modUnequal",0.379093,0.43518,0.499628,0.409529333333333,0.458413333333334,0.515701,0.00315802290423133,0.00509235160358286,0.00776045915752019,0.00485518294880873,0.00728117755662127,0.0122000276450233,-0.0655438568130489,-0.0217032779174967,0.030215809977097,0.107991894538059,0.14170492000831,0.171802076238249,-0.693061931549154,-0.636788383926387,-0.566972073566316,0.0831224058143222,0.0993692491670514,0.114776088007029,47,50,53,100
"169",0.1,56,"modUnequal",0.365252,0.42136,0.487189,0.398916,0.44584,0.504433333333333,0.00364992753863114,0.00560533795678409,0.00870976887908172,0.00503037180428543,0.00838131678930052,0.0133471872117889,-0.0724131607826051,-0.0242735097300349,0.0252774358157836,0.112807580325151,0.147236543086686,0.174496586811447,-0.688920652762428,-0.632444779609285,-0.577041499330656,0.0840015457216022,0.100849469864761,0.112860092068105,47,50,53,100
"170",0.1,57,"modUnequal",0.35404,0.4061,0.472581,0.389206666666667,0.43344,0.492014666666667,0.00409508388421049,0.00630950784596876,0.00975017239161494,0.00582622058536624,0.00961736274023437,0.0145439964236213,-0.0771157319154467,-0.0269621609964651,0.0187857117016103,0.119382777499373,0.153336593213428,0.181720290210258,-0.681398259943182,-0.628451577991257,-0.57576907526911,0.0826479589433355,0.100225504779396,0.113125327893166,47,50,53,100
"171",0.1,58,"modUnequal",0.34314,0.39206,0.457554,0.379456333333333,0.421506666666666,0.479422666666667,0.00474733578219978,0.00711787500026453,0.0108011595420897,0.00666093394073362,0.0105800736660003,0.0161045337056953,-0.0797765817208913,-0.0296030081180687,0.0165271951168422,0.127441420722867,0.159045816107243,0.188093682990263,-0.676162666255926,-0.624469248726749,-0.572159591581622,0.0827246177002328,0.0994424093703349,0.112472936436888,47,50,53,100
"172",0.1,59,"modUnequal",0.333787,0.3791,0.444008,0.371657666666667,0.409986666666666,0.466228666666667,0.00550367879852462,0.00791251465767275,0.0119271681876027,0.0073053815176233,0.0118420309512607,0.0177089488452422,-0.0813008008170901,-0.0309954135251424,0.0106010020797851,0.132081027335101,0.164983086325011,0.194099904305902,-0.672595558104561,-0.619154484962426,-0.56555968896382,0.0821220507008556,0.0999499989635497,0.110691729717306,47,50,53,100
"173",0.1,60,"modUnequal",0.325441,0.36632,0.429436,0.363943,0.398646666666666,0.453164666666667,0.00622097507393672,0.00894022532851175,0.0130714314900659,0.00803129015524077,0.013453010425124,0.019056180847739,-0.0870300426961296,-0.0366308403839131,0.00264362968492132,0.133882560011485,0.17029930260563,0.196381475628179,-0.659504409711767,-0.612070072698127,-0.563223573516754,0.0832855500251315,0.100204624988872,0.110993027354922,47,50,53,100
"174",0.1,61,"modUnequal",0.318519,0.35674,0.414458,0.356966333333333,0.3888,0.439685333333333,0.00695462234516369,0.00997003330914053,0.0142678486847065,0.00919518080200057,0.0149044380851337,0.0210388948862583,-0.0832105147172321,-0.0414705825967,-0.00463968766653196,0.139647201878606,0.176416622762174,0.201251375866481,-0.656675502088606,-0.609954608448603,-0.565200899540873,0.0827336297585462,0.0998620580091799,0.109787535744474,47,50,53,100
"175",0.1,62,"modUnequal",0.312427,0.34594,0.399782,0.351470333333333,0.38022,0.426191,0.00781777001829913,0.0111566538328161,0.0154967515221171,0.0102185318395507,0.016574245355026,0.0229633068011352,-0.0888122850642704,-0.0461372011383833,-0.00634434817800909,0.14735675212378,0.181509127576765,0.20492035075913,-0.652910599368816,-0.606890730311184,-0.563799843871975,0.0844187269510336,0.100227266876339,0.109276348760022,47,50,53,100
"176",0.1,63,"modUnequal",0.307553,0.33694,0.386016,0.34719,0.372493333333334,0.414326,0.009020637394743,0.012244541077785,0.0168676816673714,0.0113002993469661,0.0182080526601847,0.0254056579165125,-0.0897616846128619,-0.0494521596043612,-0.0117134153655033,0.153716876245226,0.187746241295958,0.210420243626245,-0.648681372097208,-0.602511457987673,-0.562655296741249,0.0843615036033676,0.099480230245946,0.108555450681243,47,50,53,100
"177",0.1,64,"modUnequal",0.303189,0.3285,0.373089,0.343647333333333,0.3658,0.402824666666667,0.00999553446923021,0.0135180774558032,0.018209929288826,0.0125693836106363,0.0198691958809309,0.027968313333519,-0.0949841345080178,-0.0523488379139367,-0.0114357466991009,0.154784647914329,0.191605567902042,0.215693231660852,-0.641104448024549,-0.598434746591657,-0.558301334501637,0.0840339358974804,0.0988381963321759,0.10863463732696,47,50,53,100
"178",0.1,65,"modUnequal",0.300087,0.32176,0.360988,0.341064333333333,0.3604,0.393322666666667,0.0110039235182328,0.0147526490802475,0.0196575008950603,0.0141832084646698,0.0217857863670345,0.0305924189462659,-0.0973462568115746,-0.0556192820785907,-0.0120421180925304,0.158844858227035,0.196740991543707,0.219971942396241,-0.638545076926786,-0.594623998408532,-0.549662236783351,0.0843819514940053,0.098897960916814,0.109611861676197,47,50,53,100
"179",0.1,66,"modUnequal",0.296994,0.31564,0.351012,0.339155,0.3555,0.384875666666667,0.012036026372387,0.0161091454890006,0.0211640724980656,0.0156380322371133,0.0237760463296153,0.0326321436658933,-0.105371881914996,-0.0609032447963204,-0.0157860181413608,0.165600919182627,0.199625830955602,0.222289777461734,-0.634852385789766,-0.590007843121688,-0.545950166026538,0.0853887295734354,0.0996844733408377,0.109395358096135,47,50,53,100
"180",0.1,67,"modUnequal",0.29421,0.31104,0.342016,0.337729,0.351806666666666,0.377607666666667,0.0132630501459823,0.0175689124029809,0.0227951268616641,0.0167884433107165,0.0259013823802945,0.0353669998413908,-0.114910671061218,-0.0660794999684508,-0.0215189826842657,0.171386307942616,0.205987130240076,0.227263795706453,-0.632284036535755,-0.585778111387105,-0.546568672699229,0.0857356052362608,0.0998770640365781,0.109598343055184,47,50,53,100
"181",0.1,68,"modUnequal",0.293068,0.30766,0.334187,0.337078333333333,0.349093333333333,0.370509,0.0142277075958732,0.0190473144838627,0.0245635827188395,0.0183127419888983,0.0281469905575943,0.0377626127451023,-0.112833940524911,-0.0681946030120149,-0.0286106050317611,0.175663791968488,0.207622243694829,0.228730366127146,-0.626533092556819,-0.583161929217624,-0.543577614487232,0.0857178093335765,0.0999456626204015,0.109515938727059,47,50,53,100
"182",0.1,69,"modUnequal",0.291904,0.30416,0.326924,0.3368,0.346773333333333,0.365433666666667,0.0155968747640541,0.0207704965490489,0.0261419453340403,0.0205696282849919,0.0304673632214744,0.0405538991120519,-0.114545753389344,-0.0707713339310901,-0.0310060819165259,0.180117596596932,0.209545518747763,0.231923413898436,-0.623933943318318,-0.578056809460791,-0.541896581937796,0.0858956479532245,0.0998661463624916,0.109847253986608,47,50,53,100
"183",0.1,70,"modUnequal",0.291299,0.30168,0.321688,0.336377333333333,0.34514,0.360879333333333,0.0169955404286709,0.0222936738260398,0.0278579598116122,0.0230059687358224,0.0329985709454374,0.0430454921422663,-0.120161273411836,-0.0720369117392429,-0.0366817469358314,0.183183060708192,0.211018753370669,0.234051181838427,-0.6213430413333,-0.578406896321427,-0.542140303148076,0.0863593486676987,0.0990438437968306,0.109758096502843,47,50,53,100
"184",0.1,71,"modUnequal",0.291019,0.3001,0.3168,0.336776333333333,0.343993333333333,0.357331666666667,0.0183882777458791,0.0239545022599567,0.0293603700503002,0.0251880199338313,0.0354900661462539,0.0457335235724151,-0.121701960887404,-0.0787129060317618,-0.0369195691598313,0.187472316052937,0.214482602824192,0.234482361392694,-0.618621664405246,-0.576465096382444,-0.541467327011241,0.0870936257906192,0.0991999334826072,0.110398335959487,47,50,53,100
"185",0.1,72,"modUnequal",0.290534,0.29918,0.312594,0.337496,0.34344,0.354373333333333,0.0198351879300699,0.0258540304039972,0.0310804571116525,0.0279551281588508,0.0378375935089026,0.0482516143975307,-0.128202581593015,-0.0802701349845353,-0.039362657476079,0.188293436706298,0.216020937009955,0.236358724515877,-0.612041318872144,-0.574183243611329,-0.539127731108864,0.0867414864488465,0.0996126809777838,0.11017679158765,47,50,53,100
"186",0.1,73,"modUnequal",0.290595,0.29848,0.310153,0.338014333333333,0.34324,0.352393333333333,0.0213746639762433,0.0274232123429691,0.0331000175410831,0.0306386471310044,0.0405003208178742,0.0512718705493705,-0.129270115310668,-0.0805761924276303,-0.039486622243135,0.192753942160019,0.217171569201381,0.237493986613504,-0.610452675268837,-0.571071673616269,-0.537757726286319,0.0872685282399372,0.0992115712629509,0.109814790676743,47,50,53,100
"187",0.1,74,"modUnequal",0.290951,0.29822,0.308318,0.338947666666667,0.343466666666666,0.350783,0.0227607462657859,0.0291219959725967,0.0346962507142504,0.0327598466681904,0.0428843866461049,0.0540959149073539,-0.13171871504443,-0.0840199706384354,-0.0439723674384807,0.192715408487312,0.218222405540048,0.239901178257337,-0.607766454337251,-0.570264697217559,-0.535798813346209,0.0873644762552893,0.0992457420812019,0.109635283177399,47,50,53,100
"188",0.1,75,"modUnequal",0.291335,0.29826,0.306904,0.339984,0.343713333333334,0.349949333333333,0.0244117680179411,0.030711806514353,0.0362528055726376,0.0349739386691266,0.0456229595920395,0.0567682261410881,-0.134223288981596,-0.0873987898845885,-0.0467377843148738,0.195379678704988,0.219680916047098,0.239670320380844,-0.604015052029796,-0.569019322079395,-0.534862735175773,0.0878302072772332,0.0992102542970244,0.109358497770696,47,50,53,100
"189",0.1,76,"modUnequal",0.291632,0.29852,0.306572,0.341092666666667,0.344426666666667,0.349761333333333,0.0261442093867085,0.0325204109579776,0.0377481695526234,0.0376925327286487,0.0483062865714938,0.0592322179949104,-0.139800855293203,-0.0907429551981505,-0.0486135450353848,0.1975442359571,0.221142388696664,0.240219082484668,-0.602838863078972,-0.568710486342352,-0.535548796259794,0.0874504654563362,0.0992731912695319,0.10898227694916,47,50,53,100
"190",0.1,77,"modUnequal",0.29232,0.29878,0.306785,0.342019666666667,0.345266666666666,0.349986666666667,0.0278520066694001,0.0341150456468126,0.0396313994848267,0.0402575366218431,0.0510176352505092,0.062048596199936,-0.14344527230745,-0.0946245655387267,-0.0510544353868883,0.19763068695349,0.221503174804264,0.241269148000322,-0.600636148273593,-0.567320136826815,-0.536150441046763,0.0874833058426027,0.099319107687338,0.108846011887379,47,50,53,100
"191",0.1,78,"modUnequal",0.293137,0.29938,0.307069,0.343315333333333,0.346266666666667,0.350694666666667,0.0295532808751874,0.0356770839759804,0.0410432104318071,0.0425882024825574,0.0540483336132213,0.0643564290791348,-0.143916415216275,-0.0974015374093604,-0.0520790686014787,0.198292424067213,0.22085174925356,0.242410935301545,-0.601282634421524,-0.56545200321732,-0.534090879964174,0.0871656707783251,0.0995287090233506,0.108710566757215,47,50,53,100
"192",0.1,79,"modUnequal",0.294312,0.30012,0.307702,0.344441,0.347253333333333,0.351148,0.0310757236683856,0.0373417121625199,0.0430103395611513,0.0451426059585298,0.0566935110790736,0.0674398096265763,-0.149787948022892,-0.100181333839316,-0.0539467804600876,0.199626358405642,0.222287148776969,0.242463609610218,-0.601832930241595,-0.565708149887693,-0.534337284155527,0.0874791922320493,0.0994866828789439,0.108525710203449,47,50,53,100
"193",0.1,80,"modUnequal",0.295137,0.30084,0.307825,0.345627666666667,0.348386666666667,0.351876,0.0329042835433398,0.0390255478714153,0.0447640227225553,0.0478912481624378,0.0590369849334386,0.0702740846325167,-0.150384790388235,-0.100383637058761,-0.0579575091812734,0.19911324390382,0.222560393355442,0.243777549854131,-0.600594544575742,-0.565198451736819,-0.534718488416964,0.0874024921863736,0.099522074460702,0.108853029464516,47,50,53,100
"194",0.1,81,"modUnequal",0.295405,0.30174,0.308652,0.346838,0.349526666666666,0.35283,0.0344777601293657,0.0407561454358632,0.0462295336564939,0.0503259238236425,0.0619616420588598,0.0727793882393361,-0.150603764334322,-0.103035989362791,-0.0612406297574728,0.200305906989627,0.223253383948292,0.244695558039767,-0.600228795342426,-0.564267274897196,-0.535565744580045,0.0874588097703669,0.0997009145412773,0.108873608284843,47,50,53,100
"195",0.1,82,"modUnequal",0.296117,0.3027,0.309593,0.347966333333333,0.350826666666667,0.353973,0.0362354177811875,0.0422496558502532,0.0477006239925904,0.0532249939775037,0.064729338299417,0.0753810374721488,-0.154034414082473,-0.105885399705614,-0.0623955045374147,0.199976291677216,0.223377240448672,0.24563057289931,-0.601026074439803,-0.563758394474813,-0.534540150646799,0.0877206940690814,0.0996062066679257,0.108830698930947,47,50,53,100
"196",0.1,83,"modUnequal",0.297503,0.30358,0.310606,0.349011333333333,0.352193333333333,0.355304,0.0379151826180389,0.0439369257601602,0.0494708170524761,0.05562132488883,0.0674165887251068,0.0787054822577296,-0.154345965828921,-0.108215216394247,-0.064804886513346,0.200158007339251,0.224179381638235,0.24496643334509,-0.600471303533749,-0.562967871893719,-0.533618884374012,0.0874276087084641,0.0995426225212888,0.108646740542788,47,50,53,100
"197",0.1,84,"modUnequal",0.298625,0.30488,0.311553,0.350375,0.353526666666667,0.356554333333333,0.0397723079017404,0.0454736652109042,0.0509429875719046,0.0589836884999637,0.0699448131291049,0.0814208453713256,-0.157069561152737,-0.110877528110007,-0.0674046601621814,0.200319024302001,0.224250920963728,0.246359733520318,-0.600520992109593,-0.564043959267962,-0.533282013685239,0.0874060200781615,0.0994329126407122,0.108825426358398,47,50,53,100
"198",0.1,85,"modUnequal",0.29953,0.30568,0.312503,0.351724333333333,0.35488,0.357979333333333,0.0414156498746506,0.0470181769546425,0.0523837052758303,0.0616717061449677,0.072672694689986,0.0836480731556936,-0.159790409172948,-0.113328565212318,-0.0710582998290148,0.200454508224816,0.224616259490466,0.247778138533781,-0.600298755758182,-0.563181785691988,-0.533240249038638,0.0873692201243872,0.0992876370823003,0.109041498724659,47,50,53,100
"199",0.1,86,"modUnequal",0.300597,0.30684,0.313935,0.353076666666667,0.356226666666666,0.3591,0.0429286304153213,0.048471341137329,0.054000976642541,0.0649107218441117,0.0750921156605225,0.0861665789276781,-0.164279104839238,-0.116370542087341,-0.0726254991234125,0.200571247104228,0.224951200115441,0.247892059717631,-0.600313998598352,-0.562785505401852,-0.533369593424997,0.0872168182380344,0.0993919674959451,0.109098804694834,47,50,53,100
"200",0.1,87,"modUnequal",0.301755,0.30768,0.315171,0.354231666666667,0.357553333333334,0.360371333333333,0.0444742587620916,0.0497934309349513,0.0554198017052374,0.0673047839310318,0.0775233799074535,0.0887838960215599,-0.166873724721896,-0.120135428046037,-0.0760378676189902,0.200458860922609,0.225164224362956,0.247829984675858,-0.600167440254529,-0.562712168311582,-0.533546967646369,0.0871720935685296,0.0994199226819681,0.109151202964981,47,50,53,100
"201",0.1,88,"modUnequal",0.302917,0.30898,0.315936,0.355690666666667,0.35894,0.361839,0.0458406455206637,0.051193054871879,0.05698309508028,0.0703413772645567,0.0801908507261141,0.0912719421427116,-0.170104559534657,-0.121903540647845,-0.0793698227175984,0.200354368802242,0.225416422491531,0.248308989990794,-0.599354775735935,-0.562650151378155,-0.533825305317267,0.0870437066290378,0.0995371058159105,0.109239529803677,47,50,53,100
"202",0.1,89,"modUnequal",0.304361,0.3101,0.317258,0.357051,0.36034,0.363187,0.0473602812459535,0.0528122034098749,0.0584882025226311,0.0730118404704513,0.0828508725058532,0.0939829289254795,-0.174603304594139,-0.125542573295432,-0.0819571195777564,0.200959669759781,0.224853747404102,0.247618663948417,-0.598911974834857,-0.562360278513076,-0.533973059614371,0.0871479095112264,0.0994775302416397,0.109157349536783,47,50,53,100
"203",0.1,90,"modUnequal",0.305593,0.31126,0.318349,0.358273333333333,0.36174,0.364627,0.0491398333750078,0.0543333284469229,0.0597600728419891,0.0759238132310014,0.0853476353725353,0.096089963364638,-0.17479676144642,-0.127141141082679,-0.0854353190793895,0.200812982524082,0.224936393020622,0.247322897914715,-0.598893250321691,-0.562704958616308,-0.534220193142193,0.0870261377167555,0.0995517809245102,0.109137089894882,47,50,53,100
"204",0.1,91,"modUnequal",0.306637,0.31238,0.31913,0.359623,0.363033333333333,0.365944666666667,0.0505703078792487,0.0559857693493447,0.0611752639511469,0.0787269485165855,0.0876872879636587,0.0985424257786316,-0.17772525991935,-0.128512925636426,-0.0894381832455209,0.200204177505862,0.225360750430291,0.247240799478894,-0.598764383279289,-0.562766116973146,-0.534033947932282,0.0869348854392087,0.0995955734350576,0.109106081994721,47,50,53,100
"205",0.1,92,"modUnequal",0.307624,0.31352,0.320319,0.361000666666667,0.364466666666667,0.367489,0.0521698920513286,0.0576033276948485,0.0625938180660395,0.0813490666703835,0.0901701703814363,0.101210839740402,-0.180273987299715,-0.130976024599064,-0.091426184391547,0.200684626918861,0.225163052913558,0.248273234987529,-0.598938476337574,-0.562986387231045,-0.533354694273736,0.0869686123457566,0.0995794806829437,0.109116240170214,47,50,53,100
"206",0.1,93,"modUnequal",0.308694,0.31478,0.321393,0.362217333333333,0.365753333333333,0.369012333333333,0.053697894844453,0.0589503051540392,0.0639609607718275,0.084006315227704,0.092478855381775,0.103611485880075,-0.182267080879114,-0.132905401827136,-0.0926276292328135,0.201176882249644,0.225216112410857,0.24854446599662,-0.598548376133174,-0.562760336622236,-0.533381933191395,0.0869808688273103,0.0995558912398024,0.109070240278747,47,50,53,100
"207",0.1,94,"modUnequal",0.30994,0.31578,0.322717,0.363493666666667,0.367073333333333,0.370445,0.0548265218811555,0.060379846544872,0.0652250549210618,0.0864311410542074,0.0950550844828584,0.106150543407759,-0.185180699376883,-0.133959895597409,-0.0948316448421296,0.201265731911866,0.225144335099882,0.248688716867604,-0.598510723063032,-0.562760339458309,-0.533611868820247,0.0869052583804658,0.0995430523634757,0.109198752582836,47,50,53,100
"208",0.1,95,"modUnequal",0.311222,0.31696,0.323894,0.364726666666667,0.368326666666667,0.371635,0.0563286282351826,0.0618367291946592,0.0668543411882758,0.0886491886201895,0.0977586498734399,0.108794735088403,-0.188093059080224,-0.138065374415995,-0.0989729192883463,0.200893257439385,0.225023526199988,0.248447730908741,-0.598173831320452,-0.562696830981531,-0.533478062929902,0.0868939118265355,0.0995624830689692,0.109135140342989,47,50,53,100
"209",0.1,96,"modUnequal",0.312213,0.31822,0.324925,0.366078333333333,0.369633333333333,0.372924333333333,0.0576301498023151,0.0631337774707479,0.0681008425602382,0.0909008194907615,0.100019900597149,0.110533216557406,-0.189423949630842,-0.140033441048549,-0.102591134997772,0.200478969752612,0.225074294044057,0.249013889958385,-0.598207294097194,-0.562947120317947,-0.53346644815321,0.0868629551007795,0.0994872405910101,0.109115122012831,47,50,53,100
"210",0.1,97,"modUnequal",0.313333,0.31936,0.326157,0.367222,0.370886666666667,0.374118,0.0588350565005478,0.0643825420972529,0.069146932139434,0.0933189211541603,0.102325397968252,0.113000252040213,-0.192598491457321,-0.142484894722104,-0.104321321428906,0.200282145613029,0.224923277219384,0.24943953643036,-0.597950755851433,-0.563100279421759,-0.533699526306107,0.0869157286429357,0.0995703119133676,0.109170669976824,47,50,53,100
"211",0.1,98,"modUnequal",0.314479,0.32038,0.327347,0.368393333333333,0.372166666666667,0.375264666666667,0.0601717794090017,0.0658568196227872,0.07041250586046,0.0954706352188921,0.104454826338698,0.11522048813743,-0.19743733264431,-0.145498326368993,-0.104886920771487,0.200060653203621,0.225290529876965,0.249218055769897,-0.597966196971222,-0.562809714069753,-0.533699526306107,0.0869054097343504,0.0995538915229411,0.109179882567448,47,50,53,100
"212",0.1,99,"modUnequal",0.315681,0.32144,0.328301,0.36966,0.37342,0.376339666666667,0.0615438422368445,0.0670423704418412,0.0716274028341563,0.0975587830707405,0.10671200915177,0.117504845317227,-0.199328085722448,-0.14809220617728,-0.107716602346463,0.200170154011864,0.225006121737472,0.248469432392482,-0.597978663807289,-0.562740913115603,-0.533699526306107,0.0869054097343504,0.099513335415153,0.109148424124773,47,50,53,100
"213",0.1,100,"modUnequal",0.316679,0.3225,0.329324,0.37085,0.37458,0.377599333333333,0.0628139970597876,0.0682286033688788,0.0729331471942175,0.0995109277948361,0.109012412816098,0.119381987019756,-0.201955645555573,-0.150125793230228,-0.110642180840653,0.200142125627147,0.224730142273596,0.248438572347078,-0.598008577529816,-0.562334884857703,-0.533789760918116,0.0868618931094925,0.0995109015557084,0.109115922812195,47,50,53,100
