,VE_susc,Label_testingDiff,t,VE_symptRR_observed.2.5.,VE_symptRR_observed.50.,VE_symptRR_observed.97.5.,VE_symptRR_timeDep.2.5.,VE_symptRR_timeDep.50.,VE_symptRR_timeDep.97.5.,VacStatus_coef_timeDep_VeRR.2.5.,VacStatus_coef_timeDep_VeRR.50.,VacStatus_coef_timeDep_VeRR.97.5.,Stats_sampleSizeCovid_unvac.2.5.,Stats_sampleSizeCovid_unvac.50.,Stats_sampleSizeCovid_unvac.97.5.,Stats_sampleSizeCovid_vac.2.5.,Stats_sampleSizeCovid_vac.50.,Stats_sampleSizeCovid_vac.97.5.
1,0.1,equal,30,-0.154351396,0.094591718,0.281648906,-0.154494088,0.094615299,0.282227265,-0.331824678,-0.099398154,0.143617477,62,108,171.575,161.7,299,476.55
2,0.1,equal,31,-0.159069001,0.088416634,0.270408951,-0.159329099,0.088705428,0.270750167,-0.316210274,-0.092890115,0.147801107,71,125,201.575,187.275,350.5,555.4
3,0.1,equal,32,-0.101027045,0.084920635,0.27472927,-0.101215591,0.085133567,0.275436679,-0.322206718,-0.088977221,0.096320715,90,149.5,251.825,222.8,406.5,651.875
4,0.1,equal,33,-0.078585185,0.094336022,0.250053419,-0.078763481,0.094533304,0.251073454,-0.289121983,-0.099307912,0.075807684,106,176.5,302.075,270.125,485.5,777.05
5,0.1,equal,34,-0.058127341,0.090292694,0.237579676,-0.058305856,0.090712121,0.238569725,-0.272665059,-0.095093608,0.056633307,125.425,207.5,353.7,312.95,565,903.675
6,0.1,equal,35,-0.027786737,0.101229688,0.227791572,-0.028162863,0.101609668,0.228889243,-0.259923604,-0.107150705,0.027765731,147.85,248.5,409.625,368.9,666,1069.925
7,0.1,equal,36,-0.033330507,0.105769561,0.223311152,-0.033572566,0.106370534,0.224850781,-0.254699731,-0.112464514,0.033017292,175.375,293,477.05,434.275,785.5,1243.55
8,0.1,equal,37,-0.029418756,0.107467655,0.20817035,-0.029845487,0.108014466,0.209752814,-0.235476548,-0.114305465,0.029338415,206.475,344,551.025,510.175,922.5,1467.825
9,0.1,equal,38,-0.024257698,0.097461686,0.197560191,-0.024446806,0.098124755,0.199364679,-0.222365834,-0.103279083,0.02413428,236.75,400.5,648.25,608.575,1087.5,1717.575
10,0.1,equal,39,-0.022577122,0.106429193,0.183988889,-0.022775389,0.107549294,0.18558439,-0.205285007,-0.113784001,0.022519776,276.375,469.5,749.525,715.725,1278.5,2001.525
11,0.1,equal,40,-0.010993986,0.10523117,0.175338221,-0.011058382,0.10583351,0.177132083,-0.194959857,-0.111863646,0.010997601,314.225,556,872.975,841.825,1497,2318.875
12,0.1,equal,41,0.020571494,0.09809242,0.166051368,0.020364227,0.099542906,0.167978642,-0.183897197,-0.104852794,-0.020599272,371.225,650.5,1018.7,975.575,1760,2691.5
13,0.1,equal,42,0.02521403,0.103082017,0.158611985,0.025821642,0.103894562,0.160908286,-0.175440165,-0.109698531,-0.02616104,435.125,753.5,1177.225,1156.725,2058.5,3137.75
14,0.1,equal,43,0.024620707,0.100028771,0.161114886,0.025390052,0.10116298,0.163011369,-0.177945504,-0.106654077,-0.025718059,510.75,880,1370.325,1357.225,2392,3594.7
15,0.1,equal,44,0.01830135,0.099879567,0.155283195,0.019084941,0.101888393,0.15820357,-0.172217733,-0.107461694,-0.019269587,601,1020,1584.15,1599.275,2787.5,4148.7
16,0.1,equal,45,0.02498287,0.096670914,0.154874857,0.025285447,0.09915515,0.158265317,-0.172290436,-0.104422269,-0.025643855,698.65,1183,1812.65,1859.775,3234,4769.1
17,0.1,equal,46,0.041407504,0.098084916,0.146979013,0.041687899,0.101095359,0.150648762,-0.163282894,-0.106578482,-0.042594997,810.275,1368,2071.4,2185.35,3736.5,5446.475
18,0.1,equal,47,0.048990635,0.099961472,0.139584088,0.049637646,0.102854146,0.143903211,-0.155371875,-0.108536829,-0.050913555,946.375,1582.5,2347,2546.375,4299,6182.075
19,0.1,equal,48,0.051195914,0.098927685,0.139917896,0.052622613,0.102443353,0.144949218,-0.156594471,-0.108079045,-0.054058023,1099.85,1825,2649.4,2963.2,4917,6986.075
20,0.1,equal,49,0.056988433,0.10093816,0.137203572,0.058703169,0.105364789,0.143359233,-0.154736637,-0.11133923,-0.06050397,1271.925,2076,2982.4,3411.575,5612.5,7887.375
21,0.1,equal,50,0.057278455,0.099855051,0.134510811,0.059192444,0.104644262,0.140812352,-0.151768351,-0.110534168,-0.061019739,1453.775,2361.5,3316.075,3954.05,6355.5,8810.15
22,0.1,equal,51,0.050571123,0.101280685,0.128733964,0.053381506,0.105625996,0.135899814,-0.146066686,-0.111631263,-0.05485923,1668.1,2663.5,3672.05,4509.525,7164,9788.9
23,0.1,equal,52,0.058510524,0.100155174,0.133047065,0.060925031,0.105488116,0.138683688,-0.149294431,-0.111477131,-0.062860666,1919.15,2989,4071.3,5164.1,8056.5,10804.15
24,0.1,equal,53,0.065843302,0.09922136,0.131889683,0.06889847,0.106107001,0.13911564,-0.14979674,-0.112169298,-0.071387839,2186.925,3334.5,4437,5875.675,9005,11869.7
25,0.1,equal,54,0.069379403,0.101006981,0.134633809,0.073945251,0.107923193,0.142325931,-0.153535106,-0.114203415,-0.076822025,2469.175,3714.5,4823.75,6658.45,9965,12914.625
26,0.1,equal,55,0.071385842,0.101207984,0.129172448,0.075616296,0.109382877,0.138271406,-0.148814973,-0.11584069,-0.078632841,2792.55,4085.5,5223.2,7505.925,10983,13968.25
27,0.1,equal,56,0.073952635,0.101827079,0.127434165,0.078995834,0.110967659,0.138447698,-0.149019515,-0.117621711,-0.082290778,3132.75,4473,5587.775,8420.55,12001.5,14989.95
28,0.1,equal,57,0.075613821,0.103195346,0.128057322,0.081200024,0.112947552,0.138560946,-0.149151007,-0.119851236,-0.084687078,3483.225,4874.5,5977.65,9398.025,13058,16015.8
29,0.1,equal,58,0.077628039,0.101840892,0.124777617,0.084494533,0.113786279,0.137174732,-0.147547745,-0.120797139,-0.08827898,3868.225,5249,6328.8,10390.525,14111,16995.025
30,0.1,equal,59,0.076740248,0.101920851,0.123563246,0.085466395,0.114110613,0.137831419,-0.14830686,-0.121163197,-0.089343021,4236.225,5624.5,6670.4,11425.175,15130.5,17912.725
31,0.1,equal,60,0.080143818,0.102973436,0.123649789,0.089326936,0.115814891,0.138769356,-0.14939331,-0.123088894,-0.093572089,4621.95,6013.5,6992.95,12525.45,16154.5,18791.4
32,0.1,equal,61,0.080356809,0.100467639,0.122398646,0.08885781,0.114677705,0.138213992,-0.148748353,-0.121803533,-0.093056325,5008.325,6378.5,7293.425,13534.375,17107,19589.975
33,0.1,equal,62,0.080042607,0.100307879,0.120738604,0.089872723,0.115480229,0.137336577,-0.1477307,-0.122710416,-0.094171869,5386.475,6706,7571.5,14592.175,18019.5,20309.975
34,0.1,equal,63,0.081162784,0.100918497,0.122540428,0.091810602,0.116002345,0.140595079,-0.15151512,-0.123300886,-0.09630441,5785.7,7029.5,7829.75,15630.375,18886.5,20984.125
35,0.1,equal,64,0.082417673,0.102113924,0.119569858,0.095105925,0.118514313,0.137966572,-0.148461257,-0.126146515,-0.099941375,6172.425,7325.5,8071.9,16626,19697,21602.9
36,0.1,equal,65,0.083055151,0.101560477,0.118363021,0.097043885,0.11831098,0.137135784,-0.147497942,-0.125915876,-0.102083374,6510.975,7599,8275.95,17591.325,20443.5,22152.1
37,0.1,equal,66,0.084941473,0.101505092,0.117415496,0.098462096,0.118779651,0.137999472,-0.148499493,-0.126447572,-0.103653208,6822.15,7843,8444.8,18467.45,21127.5,22620.65
38,0.1,equal,67,0.084057722,0.102033751,0.116875445,0.099757603,0.119723547,0.138381186,-0.14894233,-0.127519269,-0.105091269,7151.2,8051,8594.675,19298.5,21714,23064.425
39,0.1,equal,68,0.082863362,0.101783884,0.116890027,0.099032916,0.120131699,0.139452009,-0.150185921,-0.127983041,-0.104288516,7432.95,8266.5,8723.85,20069.2,22220,23415.25
40,0.1,equal,69,0.085056241,0.101885751,0.117051455,0.101598431,0.120713303,0.139584157,-0.150339725,-0.128644272,-0.107138242,7705.325,8424,8833.15,20775.9,22664,23750.775
41,0.1,equal,70,0.085578057,0.1010144,0.115258178,0.102271526,0.120483563,0.138715578,-0.149330512,-0.128383026,-0.107887623,7951.725,8565,8931.175,21411.15,23072,24015.8
42,0.1,equal,71,0.086815619,0.101320164,0.114798308,0.103047447,0.120469451,0.139230815,-0.149928888,-0.128366981,-0.108752334,8153.425,8692.5,9012.15,21970.55,23418.5,24211.05
43,0.1,equal,72,0.08660401,0.101051939,0.114475083,0.103618798,0.121829038,0.138357554,-0.148914976,-0.129913998,-0.109389507,8348.85,8800.5,9082.4,22454.725,23693,24405.85
44,0.1,equal,73,0.087248406,0.100776661,0.113925974,0.104239162,0.121240165,0.139270717,-0.149975442,-0.129243675,-0.110081894,8499.125,8890.5,9135.15,22897.225,23957.5,24576.175
45,0.1,equal,74,0.086772517,0.100577822,0.114027276,0.103960275,0.121418653,0.138906301,-0.14955239,-0.129446904,-0.109770532,8619.3,8971,9185.725,23253.275,24183,24719.6
46,0.1,equal,75,0.086066314,0.101310359,0.114171663,0.104086557,0.121639287,0.13912962,-0.149811482,-0.129697942,-0.109911475,8751.95,9034.5,9218.45,23567.3,24360,24836.625
47,0.1,equal,76,0.085366418,0.100984909,0.113425625,0.103708441,0.122004647,0.139073098,-0.149745765,-0.130114019,-0.109489518,8846.325,9084,9258.675,23834,24505.5,24938.675
48,0.1,equal,77,0.085100009,0.101296059,0.113874936,0.103389909,0.122423486,0.139251023,-0.149953142,-0.130591144,-0.10913422,8924.6,9128.5,9295.2,24063.35,24630.5,25024.45
49,0.1,equal,78,0.085092407,0.101507497,0.113943617,0.103414561,0.122926565,0.139051823,-0.149721936,-0.131164558,-0.109161691,8984.025,9173,9321.1,24240.6,24737,25089.225
50,0.1,equal,79,0.085468248,0.101244101,0.113599776,0.103663859,0.1225435,0.138639673,-0.149243664,-0.130727914,-0.109439798,9032.65,9206,9347.575,24433.525,24834,25146.75
51,0.1,equal,80,0.085501449,0.100976603,0.113427374,0.103637859,0.1222223,0.139353795,-0.150072144,-0.130361907,-0.109410804,9078.175,9231,9364.1,24571.025,24921,25204.625
52,0.1,equal,81,0.085913356,0.101121221,0.113304722,0.103947352,0.122605795,0.139856664,-0.150656763,-0.13079891,-0.109756116,9116.65,9259,9379.925,24678.8,24978,25246.55
53,0.1,equal,82,0.086636307,0.100954395,0.113548583,0.104720433,0.122502978,0.140063174,-0.15089677,-0.130681717,-0.1106193,9138.375,9280,9396.825,24778.375,25024,25278.5
54,0.1,equal,83,0.086320402,0.101102008,0.113529045,0.104468177,0.122431617,0.140107958,-0.150948661,-0.130600402,-0.110337753,9160.075,9295,9408.2,24838.5,25079.5,25307.1
55,0.1,equal,84,0.086881708,0.100823366,0.113299896,0.105060815,0.122697792,0.139983025,-0.150803509,-0.130903756,-0.111000036,9179.65,9308.5,9418.25,24889.7,25112,25337.575
56,0.1,equal,85,0.086707467,0.100985797,0.1137612,0.104930568,0.122717908,0.140142055,-0.15098818,-0.130926694,-0.1108548,9197.65,9320.5,9428.05,24929.475,25144,25365.35
57,0.1,equal,86,0.086469264,0.100811772,0.113776764,0.105018898,0.122562963,0.140169322,-0.151019804,-0.130750079,-0.110953258,9211.6,9328,9436,24953.95,25167,25381.25
58,0.1,equal,87,0.086192998,0.100893779,0.113752032,0.104880002,0.122541401,0.14000827,-0.150832507,-0.130725513,-0.110797861,9225.175,9333.5,9444,24975.9,25189.5,25392.45
59,0.1,equal,88,0.085952615,0.10089142,0.113492002,0.104684139,0.122552926,0.139850093,-0.150648602,-0.130738647,-0.110578911,9236.9,9339,9452.525,24995.8,25203,25403.175
60,0.1,equal,89,0.085605697,0.100911,0.113433544,0.104376211,0.122629448,0.140087553,-0.15092477,-0.130825854,-0.110235019,9244.9,9343.5,9459.1,25015.95,25222.5,25415.6
61,0.1,equal,90,0.085579777,0.100990663,0.113226101,0.10434884,0.12256409,0.13976722,-0.150552372,-0.130751374,-0.110204315,9248.325,9348,9464.05,25033.275,25236.5,25428.075
62,0.1,equal,91,0.085757548,0.10085703,0.113346585,0.104417686,0.12253067,0.139801391,-0.15059209,-0.13071328,-0.110281199,9251.95,9354,9467.525,25045,25244.5,25440.6
63,0.1,equal,92,0.085603771,0.100744278,0.11338543,0.104341027,0.122648611,0.1398592,-0.15065933,-0.130847695,-0.110195617,9253.475,9357.5,9469.525,25055.475,25252.5,25449.4
64,0.1,equal,93,0.085627703,0.100830366,0.113334117,0.10442974,0.122558922,0.140015548,-0.150841129,-0.130745499,-0.110294666,9254.95,9360,9473.525,25063.95,25258.5,25455.925
65,0.1,equal,94,0.085844042,0.100926344,0.113426995,0.10452629,0.122564735,0.140094076,-0.150932428,-0.130752126,-0.11040257,9255.9,9360.5,9475,25066.95,25261.5,25461.925
66,0.1,equal,95,0.085830347,0.101005774,0.113484594,0.104622832,0.122794138,0.140174166,-0.151025572,-0.131013662,-0.110510328,9258.375,9362.5,9478,25070.325,25270,25467.975
67,0.1,equal,96,0.085663941,0.101203696,0.113451537,0.104641547,0.122668506,0.140255456,-0.151120139,-0.130870478,-0.110531171,9259.9,9363,9480,25074.85,25272.5,25470.35
68,0.1,equal,97,0.085606472,0.101233736,0.113441173,0.104587766,0.122574442,0.140095969,-0.150934584,-0.130763264,-0.110471101,9260.375,9365,9480,25077.8,25273,25471.35
69,0.1,equal,98,0.085642951,0.101240709,0.113528544,0.104612916,0.122624294,0.140183728,-0.151036644,-0.130820041,-0.110499208,9260.375,9366,9482.05,25078.325,25273.5,25472.925
70,0.1,equal,99,0.085527527,0.101182245,0.113545868,0.104514727,0.122573468,0.140163843,-0.151013453,-0.13076212,-0.110389523,9260.375,9366.5,9483.1,25079.85,25275,25474.4
71,0.1,equal,100,0.08547975,0.101111459,0.113542822,0.104447494,0.122617255,0.140211008,-0.151068346,-0.130812033,-0.11031444,9260.375,9366.5,9484.15,25081.325,25276,25475.35
72,0.1,modUnequal,30,-1.244281046,-0.666666667,-0.262605989,-1.246881322,-0.667936268,-0.262948567,0.233185927,0.51158709,0.808252439,31.95,59,99.825,161.7,299,476.55
73,0.1,modUnequal,31,-1.240530303,-0.639042868,-0.260001758,-1.243478488,-0.64095917,-0.260353263,0.231348339,0.495276025,0.807720843,38.95,70,112.625,187.275,350.5,555.4
74,0.1,modUnequal,32,-1.152688033,-0.661904762,-0.339138322,-1.155801634,-0.66367458,-0.339621326,0.292332468,0.509025874,0.767822424,46.475,83,131.05,222.8,406.5,651.875
75,0.1,modUnequal,33,-1.055794045,-0.658922171,-0.325119048,-1.058710457,-0.661342132,-0.325588171,0.281822183,0.507623351,0.72206968,56,98,156.2,270.125,485.5,777.05
76,0.1,modUnequal,34,-0.985725466,-0.649627792,-0.331907302,-0.989180855,-0.652604916,-0.333256291,0.287620574,0.502352607,0.68765806,62.425,115,189.025,312.95,565,903.675
77,0.1,modUnequal,35,-0.976212478,-0.649597739,-0.337907588,-0.980150563,-0.653284018,-0.33905982,0.291966741,0.502763152,0.683148332,74.95,136,219.775,368.9,666,1069.925
78,0.1,modUnequal,36,-0.918878234,-0.650153374,-0.395815229,-0.92356938,-0.654340914,-0.398114719,0.335124594,0.50340269,0.654163499,89.475,160.5,258.2,434.275,785.5,1243.55
79,0.1,modUnequal,37,-0.94675964,-0.64011307,-0.408712333,-0.952206544,-0.64465771,-0.41017075,0.343661211,0.497532283,0.668960255,109.95,190.5,306.2,510.175,922.5,1467.825
80,0.1,modUnequal,38,-0.909131506,-0.643255981,-0.447825777,-0.914620105,-0.647520253,-0.449563823,0.371262597,0.499270554,0.649518691,134.425,221,355.1,608.575,1087.5,1717.575
81,0.1,modUnequal,39,-0.927760417,-0.635033595,-0.432230392,-0.934252023,-0.640936359,-0.434983782,0.361144394,0.495266831,0.659713781,152.9,258.5,408.575,715.725,1278.5,2001.525
82,0.1,modUnequal,40,-0.893672467,-0.643788157,-0.445301918,-0.901756909,-0.650435575,-0.448072556,0.370193032,0.501038997,0.642709049,170.9,304,476.575,841.825,1497,2318.875
83,0.1,modUnequal,41,-0.857251959,-0.642902823,-0.46052176,-0.869768365,-0.651644663,-0.464201307,0.381309091,0.501771555,0.625813086,199,358,541.725,975.575,1760,2691.5
84,0.1,modUnequal,42,-0.87090998,-0.641126933,-0.481681691,-0.885700639,-0.652173375,-0.486859923,0.396524281,0.502086451,0.634295346,234.325,413.5,633.025,1156.725,2058.5,3137.75
85,0.1,modUnequal,43,-0.862277174,-0.651059865,-0.481582851,-0.874801751,-0.66270096,-0.486842699,0.396654698,0.508443111,0.628502423,273.225,479.5,726.8,1357.225,2392,3594.7
86,0.1,modUnequal,44,-0.819969711,-0.651620268,-0.523989036,-0.83690977,-0.664997948,-0.532616015,0.426975376,0.509823863,0.608084641,319.9,555.5,847.125,1599.275,2787.5,4148.7
87,0.1,modUnequal,45,-0.835624287,-0.649958229,-0.524364306,-0.850581006,-0.663966798,-0.53349001,0.427544039,0.50920438,0.615496361,374.075,646,969.225,1859.775,3234,4769.1
88,0.1,modUnequal,46,-0.793244346,-0.652309924,-0.523064579,-0.809221009,-0.669288352,-0.533943849,0.427807233,0.512397395,0.592892554,433.125,752,1115.75,2185.35,3736.5,5446.475
89,0.1,modUnequal,47,-0.779919502,-0.654379773,-0.542772218,-0.799264655,-0.677329225,-0.555913398,0.442043014,0.517201499,0.587343046,505.6,869,1269.25,2546.375,4299,6182.075
90,0.1,modUnequal,48,-0.754782583,-0.651386738,-0.544436978,-0.779393057,-0.675237939,-0.563127255,0.446657871,0.515955208,0.576272228,595.475,1002.5,1441.625,2963.2,4917,6986.075
91,0.1,modUnequal,49,-0.747185104,-0.647547386,-0.556068998,-0.775467567,-0.677375537,-0.573829756,0.453511708,0.51723037,0.574059709,680.275,1140.5,1628.3,3411.575,5612.5,7887.375
92,0.1,modUnequal,50,-0.732080837,-0.640410966,-0.563752988,-0.765865004,-0.66845775,-0.591395859,0.46461118,0.511899675,0.568640654,791.525,1298.5,1829.075,3954.05,6355.5,8810.15
93,0.1,modUnequal,51,-0.715039876,-0.642871322,-0.57155266,-0.760141818,-0.670984257,-0.60147205,0.470922104,0.513412697,0.565394384,919.825,1470.5,2040.675,4509.525,7164,9788.9
94,0.1,modUnequal,52,-0.710805279,-0.637877719,-0.571740163,-0.75114689,-0.671409816,-0.60866732,0.475399689,0.513667202,0.560270088,1059.85,1647,2253.2,5164.1,8056.5,10804.15
95,0.1,modUnequal,53,-0.707257255,-0.639498695,-0.57709621,-0.747276325,-0.680590988,-0.611576061,0.477211652,0.519145509,0.55805637,1205.025,1840.5,2464.8,5875.675,9005,11869.7
96,0.1,modUnequal,54,-0.699872397,-0.638761285,-0.574402979,-0.744263099,-0.683710135,-0.607734949,0.474824721,0.520999477,0.556329002,1366.7,2045,2681.15,6658.45,9965,12914.625
97,0.1,modUnequal,55,-0.692764532,-0.633497566,-0.572719519,-0.744095554,-0.686667454,-0.620089514,0.482481011,0.52275466,0.556235991,1533.275,2258,2902.825,7505.925,10983,13968.25
98,0.1,modUnequal,56,-0.677124853,-0.628986482,-0.570061363,-0.736834097,-0.684302481,-0.624424296,0.485153451,0.521351504,0.552063971,1735.45,2472.5,3124.35,8420.55,12001.5,14989.95
99,0.1,modUnequal,57,-0.669875495,-0.626720178,-0.570935146,-0.739040463,-0.690019384,-0.628360061,0.487573411,0.524739958,0.55333344,1937.85,2688.5,3336.925,9398.025,13058,16015.8
100,0.1,modUnequal,58,-0.671369593,-0.620161871,-0.564284325,-0.739752292,-0.689478122,-0.62820721,0.487479463,0.524419621,0.553742735,2157.8,2921.5,3560.1,10390.525,14111,16995.025
101,0.1,modUnequal,59,-0.665694908,-0.616692205,-0.566047438,-0.739348231,-0.690979615,-0.62918412,0.488078662,0.525308014,0.553510317,2365.95,3138.5,3750.125,11425.175,15130.5,17912.725
102,0.1,modUnequal,60,-0.659541812,-0.610551717,-0.561807278,-0.738366154,-0.692022051,-0.634119645,0.49110186,0.525924292,0.552944643,2597.7,3354.5,3944.3,12525.45,16154.5,18791.4
103,0.1,modUnequal,61,-0.650955414,-0.608555898,-0.555047149,-0.734754192,-0.692580319,-0.635443509,0.491909965,0.526254161,0.550865457,2817.8,3565.5,4129.075,13534.375,17107,19589.975
104,0.1,modUnequal,62,-0.643899597,-0.603005355,-0.558994124,-0.73362085,-0.691185224,-0.640143638,0.494782744,0.525429567,0.550212149,3054.975,3765,4281.525,14592.175,18019.5,20309.975
105,0.1,modUnequal,63,-0.64094914,-0.598037659,-0.556254522,-0.732866116,-0.691889663,-0.641945966,0.495880966,0.525846,0.549776573,3269.45,3960,4433.55,15630.375,18886.5,20984.125
106,0.1,modUnequal,64,-0.63271094,-0.596381202,-0.551834013,-0.733720622,-0.69269552,-0.642697588,0.496337187,0.526322142,0.550269493,3492.9,4131,4573.775,16626,19697,21602.9
107,0.1,modUnequal,65,-0.630210029,-0.593548218,-0.551736915,-0.736217641,-0.694624417,-0.648787637,0.500030124,0.527461124,0.551708977,3698.525,4291.5,4692.175,17591.325,20443.5,22152.1
108,0.1,modUnequal,66,-0.632027071,-0.5885419,-0.546517007,-0.73996725,-0.693386678,-0.640580003,0.495042899,0.526730474,0.553865847,3895.35,4432.5,4794.925,18467.45,21127.5,22620.65
109,0.1,modUnequal,67,-0.625367407,-0.584990876,-0.547944922,-0.733942984,-0.692520402,-0.646158685,0.498444398,0.52621878,0.550397898,4063.1,4564,4876.2,19298.5,21714,23064.425
110,0.1,modUnequal,68,-0.62058835,-0.582453662,-0.546836983,-0.734725283,-0.692318171,-0.650147704,0.500864752,0.526099261,0.550848321,4243.3,4680.5,4951.45,20069.2,22220,23415.25
111,0.1,modUnequal,69,-0.615558103,-0.578894471,-0.547171361,-0.732415125,-0.692003415,-0.653829547,0.503093525,0.525913268,0.549515059,4405.55,4794.5,5023.875,20775.9,22664,23750.775
112,0.1,modUnequal,70,-0.611921434,-0.577047241,-0.545115678,-0.731361865,-0.692276224,-0.652775623,0.50245596,0.526074463,0.548904225,4537.7,4885.5,5084.1,21411.15,23072,24015.8
113,0.1,modUnequal,71,-0.607741015,-0.575827513,-0.542362441,-0.729313754,-0.693848673,-0.654207216,0.503321294,0.527003243,0.547724167,4651.8,4961,5135.675,21970.55,23418.5,24211.05
114,0.1,modUnequal,72,-0.604831441,-0.57409985,-0.539398391,-0.726810494,-0.693551219,-0.653420585,0.502844447,0.526827613,0.54627605,4763.125,5025,5182.625,22454.725,23693,24405.85
115,0.1,modUnequal,73,-0.600995489,-0.572327911,-0.538595123,-0.725407435,-0.69327644,-0.651274742,0.501546501,0.526665357,0.545463026,4855.325,5088,5232.725,22897.225,23957.5,24576.175
116,0.1,modUnequal,74,-0.600406949,-0.571813154,-0.536742065,-0.727766571,-0.693850797,-0.652805153,0.502471857,0.527004507,0.546829569,4929.85,5138.5,5273,23253.275,24183,24719.6
117,0.1,modUnequal,75,-0.597875674,-0.56870466,-0.536379156,-0.726680879,-0.692482208,-0.652707883,0.502414639,0.526196209,0.546199524,5001.375,5178,5305.525,23567.3,24360,24836.625
118,0.1,modUnequal,76,-0.595497992,-0.568375838,-0.533170921,-0.726069303,-0.693740289,-0.651445571,0.501650773,0.526939269,0.54584337,5060.425,5213,5328.525,23834,24505.5,24938.675
119,0.1,modUnequal,77,-0.595010761,-0.566428813,-0.533450545,-0.726655974,-0.693308724,-0.652381005,0.502217118,0.52668443,0.546185367,5104.425,5248,5352,24063.35,24630.5,25024.45
120,0.1,modUnequal,78,-0.59285493,-0.566136306,-0.533355786,-0.726522378,-0.693131077,-0.652927792,0.502548066,0.52657949,0.54610695,5153.425,5275,5372.625,24240.6,24737,25089.225
121,0.1,modUnequal,79,-0.59187189,-0.566317094,-0.534765398,-0.726099804,-0.692382931,-0.653018179,0.502602816,0.52613754,0.545863807,5188.7,5301,5386.525,24433.525,24834,25146.75
122,0.1,modUnequal,80,-0.591412542,-0.565528801,-0.533257493,-0.726129196,-0.69230732,-0.652347743,0.502197123,0.526092853,0.545881048,5205.95,5318,5402.05,24571.025,24921,25204.625
123,0.1,modUnequal,81,-0.591391271,-0.564390291,-0.532973433,-0.725602426,-0.692209924,-0.652738531,0.502433586,0.526035309,0.545575922,5222,5332,5415.625,24678.8,24978,25246.55
124,0.1,modUnequal,82,-0.589716087,-0.564539491,-0.531601816,-0.725109637,-0.692162296,-0.652190161,0.502101378,0.526007173,0.545290082,5239.9,5340.5,5428.3,24778.375,25024,25278.5
125,0.1,modUnequal,83,-0.588417105,-0.563847922,-0.531313276,-0.723961365,-0.691596896,-0.652262682,0.502145306,0.525672976,0.544624661,5258.475,5351,5436.725,24838.5,25079.5,25307.1
126,0.1,modUnequal,84,-0.588354054,-0.562981777,-0.530297457,-0.724178823,-0.691123051,-0.651668532,0.501785873,0.525392803,0.544750838,5269.375,5360.5,5443.575,24889.7,25112,25337.575
127,0.1,modUnequal,85,-0.587552291,-0.562972774,-0.531134918,-0.723498865,-0.690525447,-0.651497381,0.501682358,0.525039337,0.544356384,5279.475,5368.5,5449.05,24929.475,25144,25365.35
128,0.1,modUnequal,86,-0.58583334,-0.561767919,-0.5306037,-0.721789408,-0.690645661,-0.651654726,0.501777602,0.525110504,0.543364099,5286.375,5373.5,5454,24953.95,25167,25381.25
129,0.1,modUnequal,87,-0.58603568,-0.561639103,-0.530712469,-0.722142791,-0.690515521,-0.651362144,0.501600373,0.525033501,0.543569283,5289.275,5379,5458.575,24975.9,25189.5,25392.45
130,0.1,modUnequal,88,-0.585752078,-0.561411686,-0.530547352,-0.721945264,-0.690278987,-0.652221215,0.502120571,0.524893584,0.543454605,5295.7,5381,5462.525,24995.8,25203,25403.175
131,0.1,modUnequal,89,-0.585796841,-0.562071947,-0.530495003,-0.722104064,-0.690284184,-0.652455101,0.502262118,0.524896668,0.54354682,5299.075,5383,5467.05,25015.95,25222.5,25415.6
132,0.1,modUnequal,90,-0.586007414,-0.561767976,-0.53022438,-0.722463484,-0.690478805,-0.651875924,0.501911562,0.525011791,0.543755442,5301.55,5386,5471.575,25033.275,25236.5,25428.075
133,0.1,modUnequal,91,-0.586255125,-0.561606549,-0.530228846,-0.722330103,-0.69050905,-0.651089724,0.501435499,0.525029652,0.543678081,5303.55,5389,5476.675,25045,25244.5,25440.6
134,0.1,modUnequal,92,-0.586327163,-0.561059945,-0.529955153,-0.722541336,-0.689675163,-0.650507046,0.501082414,0.524536289,0.543800688,5304.55,5392,5481.25,25055.475,25252.5,25449.4
135,0.1,modUnequal,93,-0.586309319,-0.560684651,-0.529544887,-0.722666682,-0.689986982,-0.650961677,0.501357854,0.524720825,0.543873441,5305.55,5394.5,5482.25,25063.95,25258.5,25455.925
136,0.1,modUnequal,94,-0.586534338,-0.560934126,-0.529745345,-0.722753856,-0.690161535,-0.650552253,0.5011099,0.524824107,0.543923984,5306.075,5395.5,5483.775,25066.95,25261.5,25461.925
137,0.1,modUnequal,95,-0.586818381,-0.560861353,-0.529829191,-0.72302538,-0.690295676,-0.650674847,0.50118413,0.524903448,0.54408162,5306.075,5395.5,5484.775,25070.325,25270,25467.975
138,0.1,modUnequal,96,-0.586214653,-0.56081975,-0.52978614,-0.722754538,-0.690278843,-0.651040165,0.50140547,0.524893499,0.54392421,5306.075,5395.5,5484.775,25074.85,25272.5,25470.35
139,0.1,modUnequal,97,-0.586441546,-0.561096623,-0.529936401,-0.722775291,-0.690257369,-0.651006266,0.501384955,0.524880717,0.543936278,5307.075,5396,5484.775,25077.8,25273,25471.35
140,0.1,modUnequal,98,-0.586298813,-0.561044305,-0.530020103,-0.722637539,-0.690246702,-0.650954624,0.501353658,0.524874342,0.54385633,5307.075,5396.5,5485.3,25078.325,25273.5,25472.925
141,0.1,modUnequal,99,-0.586427017,-0.561044305,-0.530048839,-0.722710912,-0.690246702,-0.651058458,0.501416545,0.524874342,0.543898923,5307.075,5397,5486.25,25079.85,25275,25474.4
142,0.1,modUnequal,100,-0.586467732,-0.561075021,-0.530077575,-0.722827211,-0.690318413,-0.650932695,0.501340354,0.524916767,0.543966384,5307.6,5398,5486.775,25081.325,25276,25475.35
143,0.1,highUnequal,30,-2.417698413,-1.373998398,-0.755037665,-2.42146471,-1.377799453,-0.756474941,0.563233723,0.866174346,1.230067585,21.475,41,67.525,161.7,299,476.55
144,0.1,highUnequal,31,-2.006547619,-1.32545797,-0.711801713,-2.010173101,-1.327981235,-0.713104923,0.537786405,0.845000634,1.101858101,27.475,49.5,83.675,187.275,350.5,555.4
145,0.1,highUnequal,32,-2.023504819,-1.308233639,-0.769059116,-2.031111112,-1.311530237,-0.770644849,0.571322438,0.837909267,1.108877641,32.95,58,96.15,222.8,406.5,651.875
146,0.1,highUnequal,33,-1.926289496,-1.307393484,-0.851977402,-1.932641492,-1.312240521,-0.853977667,0.61726003,0.838216804,1.075901246,40,69.5,113.1,270.125,485.5,777.05
147,0.1,highUnequal,34,-1.820355731,-1.305216803,-0.872558446,-1.826002409,-1.309680687,-0.875483815,0.62886416,0.837109254,1.038857197,46.475,82,132,312.95,565,903.675
148,0.1,highUnequal,35,-1.781346154,-1.30445339,-0.846527778,-1.788951953,-1.312545058,-0.850666229,0.615519093,0.838348658,1.025527155,52.325,97,155.575,368.9,666,1069.925
149,0.1,highUnequal,36,-1.841649746,-1.289223999,-0.906408773,-1.851175821,-1.296995487,-0.910535132,0.647381692,0.831601154,1.047731099,64,114,186.725,434.275,785.5,1243.55
150,0.1,highUnequal,37,-1.76689603,-1.269594595,-0.928806787,-1.778121903,-1.277771824,-0.934576007,0.659879892,0.823197339,1.021770678,73.475,135.5,214.575,510.175,922.5,1467.825
151,0.1,highUnequal,38,-1.657953795,-1.29136066,-0.994867886,-1.666058639,-1.301845154,-1.00049957,0.693395243,0.833685929,0.980525649,91.9,159,253.1,608.575,1087.5,1717.575
152,0.1,highUnequal,39,-1.621267456,-1.305007522,-0.986643823,-1.631742467,-1.315657557,-0.995328309,0.690780945,0.839693579,0.967642727,108.425,185,298.525,715.725,1278.5,2001.525
153,0.1,highUnequal,40,-1.671557408,-1.325685426,-1.026289751,-1.683622334,-1.339565488,-1.037058377,0.71148014,0.849964675,0.987144477,123.85,216,349.2,841.825,1497,2318.875
154,0.1,highUnequal,41,-1.614013826,-1.298100753,-1.083191757,-1.628012343,-1.314130507,-1.093134736,0.73866281,0.839033292,0.966227768,146.85,255.5,406.55,975.575,1760,2691.5
155,0.1,highUnequal,42,-1.614268567,-1.308538411,-1.052729643,-1.631065947,-1.327458088,-1.065421003,0.72532993,0.844776686,0.967388719,168.95,295,477.875,1156.725,2058.5,3137.75
156,0.1,highUnequal,43,-1.606214178,-1.299968947,-1.084490741,-1.631028166,-1.319848192,-1.098703758,0.741319124,0.841501744,0.967361874,202.475,343.5,545.125,1357.225,2392,3594.7
157,0.1,highUnequal,44,-1.582807795,-1.296682542,-1.07629121,-1.612188079,-1.329792647,-1.095300813,0.739695585,0.845779254,0.960176686,239.325,399,627.525,1599.275,2787.5,4148.7
158,0.1,highUnequal,45,-1.532139184,-1.297730411,-1.085355924,-1.561208536,-1.326238157,-1.108046761,0.74572577,0.844251845,0.94047882,277.95,468,716.9,1859.775,3234,4769.1
159,0.1,highUnequal,46,-1.503173255,-1.290857459,-1.101813634,-1.544994334,-1.333886818,-1.129441222,0.755845659,0.847535,0.934102939,326.85,541,823.825,2185.35,3736.5,5446.475
160,0.1,highUnequal,47,-1.504774369,-1.287876871,-1.115861784,-1.552812236,-1.328667873,-1.146035882,0.763605088,0.845295983,0.93719549,389.225,620,930.35,2546.375,4299,6182.075
161,0.1,highUnequal,48,-1.483805081,-1.279656039,-1.139555944,-1.532185902,-1.324350507,-1.184065995,0.781188269,0.843440462,0.929068384,446.2,707,1054.7,2963.2,4917,6986.075
162,0.1,highUnequal,49,-1.465141202,-1.273219699,-1.155452937,-1.517590444,-1.325538805,-1.196944685,0.78706759,0.843951693,0.923301883,517.1,818.5,1176.3,3411.575,5612.5,7887.375
163,0.1,highUnequal,50,-1.469235419,-1.2729692,-1.156040619,-1.530864083,-1.330085551,-1.211994197,0.793894319,0.845904961,0.928524872,588.325,929.5,1325.8,3954.05,6355.5,8810.15
164,0.1,highUnequal,51,-1.417008694,-1.251614252,-1.141018945,-1.495389513,-1.320505944,-1.215514803,0.795484278,0.841785063,0.914442608,682.275,1050,1477.25,4509.525,7164,9788.9
165,0.1,highUnequal,52,-1.398709948,-1.249199023,-1.143686931,-1.483747363,-1.323578058,-1.217775192,0.796502915,0.843108226,0.909768415,779.475,1194.5,1644.05,5164.1,8056.5,10804.15
166,0.1,highUnequal,53,-1.400421391,-1.246835624,-1.155420594,-1.485663143,-1.328118564,-1.219367564,0.797217046,0.845060454,0.91051197,886.25,1326,1812.65,5875.675,9005,11869.7
167,0.1,highUnequal,54,-1.376918347,-1.245074678,-1.145699828,-1.480880045,-1.337045138,-1.221376079,0.798126735,0.848887368,0.908613279,1002.475,1478,1975.75,6658.45,9965,12914.625
168,0.1,highUnequal,55,-1.358394239,-1.233144949,-1.137047706,-1.462729833,-1.337080575,-1.22158786,0.79822111,0.848902532,0.901270295,1131.575,1638.5,2138.675,7505.925,10983,13968.25
169,0.1,highUnequal,56,-1.343270569,-1.223585982,-1.138260903,-1.462190236,-1.337224579,-1.245126194,0.808760933,0.848964078,0.901051294,1276.65,1804.5,2286.775,8420.55,12001.5,14989.95
170,0.1,highUnequal,57,-1.326260456,-1.213119997,-1.129507202,-1.450864198,-1.337944372,-1.25222862,0.811913743,0.849271703,0.896440538,1429.775,1970,2455.8,9398.025,13058,16015.8
171,0.1,highUnequal,58,-1.321849258,-1.209490075,-1.118774733,-1.454614993,-1.339280004,-1.246635115,0.809432761,0.849843102,0.897969521,1578.75,2138,2616.175,10390.525,14111,16995.025
172,0.1,highUnequal,59,-1.304905081,-1.193755661,-1.123483651,-1.451680096,-1.338047497,-1.266119075,0.818068661,0.849316176,0.896772712,1724.875,2303.5,2773.9,11425.175,15130.5,17912.725
173,0.1,highUnequal,60,-1.291256371,-1.181114747,-1.119894238,-1.447661732,-1.334799189,-1.263846228,0.817065041,0.847925868,0.895133086,1889.35,2464.5,2913.425,12525.45,16154.5,18791.4
174,0.1,highUnequal,61,-1.279043935,-1.172497202,-1.113795072,-1.458747277,-1.334711024,-1.261379534,0.815974896,0.847887719,0.899650719,2067.075,2619,3054.525,13534.375,17107,19589.975
175,0.1,highUnequal,62,-1.257785052,-1.163015337,-1.106567299,-1.446904172,-1.333842327,-1.263979171,0.817123303,0.847515963,0.894821218,2234.55,2769,3170.675,14592.175,18019.5,20309.975
176,0.1,highUnequal,63,-1.245405793,-1.157243079,-1.097211553,-1.444839548,-1.33658857,-1.26519025,0.817657513,0.848691988,0.893977841,2401.8,2918.5,3292.25,15630.375,18886.5,20984.125
177,0.1,highUnequal,64,-1.23266532,-1.147439554,-1.086255296,-1.433604767,-1.332021147,-1.26489361,0.817527769,0.846735305,0.889373438,2553.65,3051,3407.5,16626,19697,21602.9
178,0.1,highUnequal,65,-1.218547455,-1.13890926,-1.077093011,-1.427048061,-1.3303344,-1.263971538,0.817120479,0.846011776,0.886670414,2706.875,3180.5,3505.05,17591.325,20443.5,22152.1
179,0.1,highUnequal,66,-1.211287256,-1.130227434,-1.068888977,-1.420201464,-1.328265278,-1.260252968,0.815474987,0.8451234,0.883850023,2865.025,3294.5,3590.725,18467.45,21127.5,22620.65
180,0.1,highUnequal,67,-1.193965505,-1.120282808,-1.062862496,-1.419671349,-1.320308612,-1.261726063,0.816128263,0.841700197,0.883631633,3006.15,3399.5,3670.625,19298.5,21714,23064.425
181,0.1,highUnequal,68,-1.186155182,-1.110127346,-1.062306827,-1.410201688,-1.322082348,-1.26604835,0.818037494,0.842464339,0.879709841,3144.05,3485.5,3731.15,20069.2,22220,23415.25
182,0.1,highUnequal,69,-1.17576217,-1.105653947,-1.055312461,-1.405042346,-1.319807097,-1.264542012,0.81737217,0.841483871,0.877567501,3270.125,3563.5,3789.525,20775.9,22664,23750.775
183,0.1,highUnequal,70,-1.168852206,-1.102171795,-1.051520238,-1.401068122,-1.321334675,-1.266100323,0.818060432,0.842142311,0.875912494,3362.875,3638,3838.525,21411.15,23072,24015.8
184,0.1,highUnequal,71,-1.160104941,-1.095230392,-1.04917973,-1.397648828,-1.319179265,-1.262754037,0.816582627,0.841213311,0.874487416,3469.475,3695.5,3893.525,21970.55,23418.5,24211.05
185,0.1,highUnequal,72,-1.156923677,-1.089589983,-1.044323725,-1.396423874,-1.314877012,-1.258852851,0.814857093,0.839356556,0.873976617,3555.7,3759,3933.525,22454.725,23693,24405.85
186,0.1,highUnequal,73,-1.150839924,-1.085642052,-1.038035464,-1.398325172,-1.3133634,-1.256953474,0.814013295,0.838702355,0.87477064,3616.9,3806.5,3970.575,22897.225,23957.5,24576.175
187,0.1,highUnequal,74,-1.144501991,-1.081820868,-1.03346678,-1.395546839,-1.312887715,-1.253864642,0.812644406,0.838496837,0.873611235,3688.85,3856.5,3995.05,23253.275,24183,24719.6
188,0.1,highUnequal,75,-1.143257263,-1.076528917,-1.030811273,-1.393599156,-1.309818105,-1.253411103,0.812441972,0.837168776,0.872794251,3750.75,3889,4021.625,23567.3,24360,24836.625
189,0.1,highUnequal,76,-1.14182556,-1.073847206,-1.027134363,-1.395567488,-1.307775963,-1.252316405,0.8119585,0.836284256,0.873613851,3799.375,3923.5,4039.675,23834,24505.5,24938.675
190,0.1,highUnequal,77,-1.140771401,-1.072610596,-1.025086724,-1.396140256,-1.309141013,-1.251540314,0.811614296,0.836875472,0.87385416,3830.475,3948.5,4058.15,24063.35,24630.5,25024.45
191,0.1,highUnequal,78,-1.138685628,-1.069457434,-1.02324468,-1.395189693,-1.306396876,-1.25057708,0.811186426,0.835686503,0.873458907,3852.9,3972.5,4074.525,24240.6,24737,25089.225
192,0.1,highUnequal,79,-1.139106492,-1.067938429,-1.021347061,-1.396806359,-1.306799382,-1.249108613,0.810533891,0.835861007,0.874133359,3880,3991,4090.1,24433.525,24834,25146.75
193,0.1,highUnequal,80,-1.139388561,-1.06725643,-1.021150812,-1.396957034,-1.307166786,-1.249042368,0.810504363,0.836020263,0.874197455,3897.375,4008,4102.05,24571.025,24921,25204.625
194,0.1,highUnequal,81,-1.137808307,-1.066750255,-1.021085249,-1.395498569,-1.305766421,-1.250451939,0.811130876,0.835413102,0.873590428,3912.425,4021.5,4117.525,24678.8,24978,25246.55
195,0.1,highUnequal,82,-1.134977022,-1.066310471,-1.019846519,-1.393786977,-1.305321329,-1.250078831,0.81096508,0.835220071,0.872874924,3926.9,4033,4129.15,24778.375,25024,25278.5
196,0.1,highUnequal,83,-1.135404411,-1.065181716,-1.018626852,-1.391868631,-1.304825681,-1.248641522,0.810325699,0.835005044,0.872074338,3936.9,4042,4137.675,24838.5,25079.5,25307.1
197,0.1,highUnequal,84,-1.133356301,-1.064041856,-1.017652142,-1.389792871,-1.304738265,-1.248512516,0.810267784,0.834967119,0.87120604,3940.85,4053,4146.35,24889.7,25112,25337.575
198,0.1,highUnequal,85,-1.131974526,-1.062369259,-1.018243399,-1.387556763,-1.30364223,-1.249715401,0.810802937,0.834491449,0.870270552,3946.325,4058.5,4152.2,24929.475,25144,25365.35
199,0.1,highUnequal,86,-1.130451584,-1.062835376,-1.018312357,-1.38647283,-1.304661219,-1.249256229,0.810599358,0.834933689,0.869815981,3952.7,4063.5,4158,24953.95,25167,25381.25
200,0.1,highUnequal,87,-1.130904382,-1.062643396,-1.018420631,-1.387309134,-1.304721294,-1.251094463,0.81141649,0.834959751,0.870166167,3959.275,4068,4162,24975.9,25189.5,25392.45
201,0.1,highUnequal,88,-1.129898571,-1.062707747,-1.0185939,-1.385785355,-1.304158744,-1.252225521,0.811918802,0.834715612,0.869528148,3963.275,4073.5,4164,24995.8,25203,25403.175
202,0.1,highUnequal,89,-1.129218481,-1.062084096,-1.018094216,-1.385705377,-1.303392836,-1.251579754,0.811632082,0.834383153,0.869494835,3966.9,4079.5,4167.575,25015.95,25222.5,25415.6
203,0.1,highUnequal,90,-1.126946696,-1.061418547,-1.017551715,-1.384144286,-1.302854078,-1.251349208,0.811529673,0.83414924,0.868840253,3968.425,4082,4170.625,25033.275,25236.5,25428.075
204,0.1,highUnequal,91,-1.127258326,-1.061471201,-1.017282136,-1.384523268,-1.303018095,-1.250809026,0.811289693,0.834220476,0.868999188,3969.375,4085,4172.2,25045,25244.5,25440.6
205,0.1,highUnequal,92,-1.127028043,-1.061328064,-1.017431782,-1.383647485,-1.303181854,-1.250787415,0.811280111,0.834291582,0.868631602,3969.9,4086.5,4173.725,25055.475,25252.5,25449.4
206,0.1,highUnequal,93,-1.127117558,-1.061687487,-1.017354818,-1.383578602,-1.302904966,-1.251444092,0.811571825,0.834171347,0.868602549,3971.425,4087,4175.625,25063.95,25258.5,25455.925
207,0.1,highUnequal,94,-1.127180095,-1.061598115,-1.017113007,-1.383573603,-1.303240171,-1.250955389,0.811354737,0.834316901,0.8686006,3972.85,4088,4177.15,25066.95,25261.5,25461.925
208,0.1,highUnequal,95,-1.126984983,-1.061821787,-1.017114201,-1.383527672,-1.303622199,-1.250365815,0.811092788,0.834482752,0.868581324,3972.85,4089,4178.15,25070.325,25270,25467.975
209,0.1,highUnequal,96,-1.12704445,-1.061903617,-1.017429328,-1.383826734,-1.303691123,-1.250241904,0.811037721,0.834512673,0.868706666,3973.375,4089,4178.15,25074.85,25272.5,25470.35
210,0.1,highUnequal,97,-1.126938241,-1.061615094,-1.017626789,-1.383691594,-1.303835895,-1.250270921,0.811050616,0.834575508,0.868650088,3973.375,4089.5,4178.625,25077.8,25273,25471.35
211,0.1,highUnequal,98,-1.126764442,-1.061809832,-1.017509588,-1.383725796,-1.303840675,-1.249972904,0.810918158,0.834577587,0.868664335,3975.375,4090,4179.15,25078.325,25273.5,25472.925
212,0.1,highUnequal,99,-1.126931692,-1.061756919,-1.0176273,-1.383701571,-1.303714807,-1.250232993,0.811033761,0.83452293,0.868654029,3976.325,4090,4179.15,25079.85,25275,25474.4
213,0.1,highUnequal,100,-1.12705921,-1.061725398,-1.017504933,-1.383971441,-1.303378621,-1.250384172,0.811100944,0.834377007,0.868767167,3976.8,4090,4179.15,25081.325,25276,25475.35
