VE_susc,VE_infect,Covid_probTrans,totalNum_sims,t,Label_testingDiff,VE_symptOR_observed.2.5.,VE_symptOR_observed.50.,VE_symptOR_observed.97.5.,VE_symptRR_observed.2.5.,VE_symptRR_observed.50.,VE_symptRR_observed.97.5.,Covid_cumPropSymptInfect_vac.2.5.,Covid_cumPropSymptInfect_vac.50.,Covid_cumPropSymptInfect_vac.97.5.,Covid_cumPropSymptInfect_unvac.2.5.,Covid_cumPropSymptInfect_unvac.50.,Covid_cumPropSymptInfect_unvac.97.5.,Avg_numContacts.2.5.,Avg_numContacts.50.,Avg_numContacts.97.5.,t_highChange.2.5.,t_highChange.50.,t_highChange.97.5.
0.1,0.2,0.1,100,30,equal,-0.089571746,0.090054331,0.257112019,-0.086935897,0.088205128,0.257301223,0.005004333,0.008586667,0.014167333,0.0056,0.00962,0.016466,6.0044895,6.00492,6.005521,47,50,53
0.1,0.2,0.1,100,31,equal,-0.120617525,0.087436577,0.259377524,-0.12034334,0.087186437,0.255191965,0.005832667,0.010146667,0.01671,0.006478,0.01132,0.019624,6.0044895,6.00492,6.005521,47,50,53
0.1,0.2,0.1,100,32,equal,-0.106487826,0.095424082,0.250952392,-0.091542845,0.095,0.247346278,0.006979667,0.011973333,0.019862,0.007716,0.0134,0.022647,6.0044895,6.00492,6.005521,47,50,53
0.1,0.2,0.1,100,33,equal,-0.072163726,0.087394768,0.241214755,-0.070184108,0.089105339,0.2297982,0.008262667,0.01422,0.023599,0.009274,0.01594,0.026267,6.0044895,6.00492,6.005521,47,50,53
0.1,0.2,0.1,100,34,equal,-0.035035277,0.091483751,0.209512048,-0.02915897,0.094409938,0.199870144,0.009748333,0.0167,0.027618,0.010872,0.01896,0.030997,6.0044895,6.00492,6.005521,47,50,53
0.1,0.2,0.1,100,35,equal,-0.033757191,0.098609006,0.19670415,-0.034346405,0.095952024,0.192953945,0.011418,0.019673333,0.032348333,0.012775,0.0221,0.036758,6.0044895,6.00492,6.005521,47,50,53
0.1,0.2,0.1,100,36,equal,-0.039886894,0.081477858,0.206828869,-0.051697531,0.080177653,0.207484895,0.013438333,0.023206667,0.037808333,0.015056,0.02616,0.043307,6.0044895,6.00492,6.005521,47,50,53
0.1,0.2,0.1,100,37,equal,-0.029759653,0.090970878,0.20848017,-0.026331522,0.087957673,0.199590611,0.015921,0.027573333,0.044036,0.017637,0.0306,0.050692,6.0044895,6.00492,6.005521,47,50,53
0.1,0.2,0.1,100,38,equal,-0.012003566,0.091637104,0.182740093,-0.019192701,0.084730957,0.179666124,0.018649,0.0323,0.050975,0.020791,0.03596,0.058634,6.0044895,6.00492,6.005521,47,50,53
0.1,0.2,0.1,100,39,equal,-0.010288408,0.090796942,0.185602366,-0.008842582,0.091040008,0.180298448,0.022096,0.03808,0.060074333,0.024046,0.04228,0.068521,6.0044895,6.00492,6.005521,47,50,53
0.1,0.2,0.1,100,40,equal,0.011667618,0.096797518,0.179076831,0.006024918,0.09404709,0.176951227,0.026172667,0.044673333,0.070106333,0.028291,0.04914,0.080174,6.0044895,6.00492,6.005521,47,50,53
0.1,0.2,0.1,100,41,equal,0.035644215,0.094889674,0.171150817,0.034846855,0.093530655,0.164873131,0.030555667,0.052226667,0.081792667,0.033273,0.05768,0.092412,6.0044895,6.00492,6.005521,47,50,53
0.1,0.2,0.1,100,42,equal,0.027830604,0.10409073,0.169047873,0.026703739,0.098052446,0.159460553,0.035479333,0.060446667,0.094869333,0.038934,0.06704,0.106366,6.0044895,6.00492,6.005521,47,50,53
0.1,0.2,0.1,100,43,equal,0.033709921,0.107819597,0.173071403,0.039853325,0.100061787,0.159683609,0.041531333,0.070566667,0.109034,0.045051,0.0783,0.121569,6.0044895,6.00492,6.005521,47,50,53
0.1,0.2,0.1,100,44,equal,0.027250615,0.106993091,0.165406051,0.030520299,0.098565318,0.149059195,0.048781333,0.081653333,0.124778667,0.052969,0.09106,0.14036,6.0044895,6.00492,6.005521,47,50,53
0.1,0.2,0.1,100,45,equal,0.029089198,0.105136553,0.161241275,0.034646091,0.097005405,0.141988393,0.056340333,0.094366667,0.142656667,0.062619,0.10524,0.16005,6.0044895,6.00492,6.005521,47,50,53
0.1,0.2,0.1,100,46,equal,0.036044832,0.105284282,0.165124278,0.04021284,0.096625011,0.148608266,0.065610667,0.108466667,0.161840667,0.072683,0.12012,0.181491,6.0044895,6.00492,6.005521,47,50,53
0.1,0.2,0.1,100,47,equal,0.05329567,0.109525613,0.166014444,0.044890162,0.097655966,0.14885387,0.075718,0.125033333,0.182795333,0.083335,0.13866,0.203525,6.0044895,6.00492,6.005521,47,50,53
0.1,0.2,0.1,100,48,equal,0.057619954,0.111471339,0.16434731,0.051734132,0.097852401,0.139159413,0.087201333,0.142906667,0.205708333,0.09706,0.15828,0.22928,6.0044895,6.00492,6.005521,47,50,53
0.1,0.2,0.1,100,49,equal,0.057548194,0.113006691,0.165008443,0.052323176,0.098532852,0.13815311,0.100619667,0.16204,0.228900667,0.111382,0.1804,0.255816,6.0044895,6.00492,6.005521,47,50,53
0.1,0.2,0.1,100,50,equal,0.058578359,0.114892379,0.159246564,0.05352066,0.098497241,0.131013477,0.115787667,0.182646667,0.253029667,0.127834,0.2034,0.282656,6.0044895,6.00492,6.005521,47,50,53
0.1,0.2,0.1,100,51,equal,0.064534996,0.116365507,0.159179922,0.062153717,0.09631978,0.131148365,0.132007667,0.204933333,0.277692667,0.1461,0.2281,0.311218,6.0044895,6.00492,6.005521,47,50,53
0.1,0.2,0.1,100,52,equal,0.071362279,0.118566156,0.159895629,0.064844329,0.097686637,0.128086411,0.150080667,0.228433333,0.302655,0.165911,0.25492,0.33914,6.0044895,6.00492,6.005521,47,50,53
0.1,0.2,0.1,100,53,equal,0.084264437,0.122381613,0.161100002,0.06999884,0.097500697,0.127926203,0.169792333,0.252193333,0.328257333,0.188622,0.2831,0.366379,6.0044895,6.00492,6.005521,47,50,53
0.1,0.2,0.1,100,54,equal,0.093402609,0.127081794,0.167854288,0.069934337,0.099815946,0.127382419,0.191110333,0.277166667,0.352699333,0.212103,0.31062,0.393666,6.0044895,6.00492,6.005521,47,50,53
0.1,0.2,0.1,100,55,equal,0.094792161,0.131954307,0.174503639,0.074597036,0.100865846,0.124813724,0.213877667,0.302973333,0.375932667,0.236644,0.33748,0.420196,6.0044895,6.00492,6.005521,47,50,53
0.1,0.2,0.1,100,56,equal,0.097844417,0.135620625,0.168373708,0.069911149,0.099987934,0.123164382,0.238000333,0.3282,0.397915667,0.262637,0.36506,0.446072,6.0044895,6.00492,6.005521,47,50,53
0.1,0.2,0.1,100,57,equal,0.10136446,0.143365371,0.176484016,0.069994053,0.099410967,0.123965429,0.262828333,0.352686667,0.418085333,0.29068,0.39288,0.467897,6.0044895,6.00492,6.005521,47,50,53
0.1,0.2,0.1,100,58,equal,0.105379929,0.144327182,0.181273226,0.071360899,0.099081763,0.122025001,0.288282,0.376533333,0.437317,0.318503,0.41804,0.489975,6.0044895,6.00492,6.005521,47,50,53
0.1,0.2,0.1,100,59,equal,0.113944582,0.148908066,0.185424572,0.076781733,0.099795127,0.116649194,0.313720667,0.398813333,0.453987,0.345324,0.44244,0.508233,6.0044895,6.00492,6.005521,47,50,53
0.1,0.2,0.1,100,60,equal,0.115954857,0.155252832,0.188139117,0.077759366,0.100495535,0.116847272,0.338531,0.419153333,0.469645333,0.373207,0.46516,0.525,6.0044895,6.00492,6.005521,47,50,53
0.1,0.2,0.1,100,61,equal,0.122155989,0.158277336,0.192808461,0.078108459,0.099733622,0.118184748,0.362846333,0.438153333,0.483619,0.399392,0.48598,0.539641,6.0044895,6.00492,6.005521,47,50,53
0.1,0.2,0.1,100,62,equal,0.12915597,0.162918978,0.191413017,0.078866432,0.098141712,0.117616062,0.386262667,0.4554,0.495539333,0.425656,0.50546,0.552851,6.0044895,6.00492,6.005521,47,50,53
0.1,0.2,0.1,100,63,equal,0.133197832,0.167756529,0.195242666,0.080694535,0.098789238,0.115922155,0.408200333,0.470546667,0.505588333,0.449592,0.52184,0.563435,6.0044895,6.00492,6.005521,47,50,53
0.1,0.2,0.1,100,64,equal,0.132737583,0.169361356,0.201845016,0.08168971,0.098642473,0.116228226,0.428215,0.4842,0.513835333,0.471748,0.53596,0.573032,6.0044895,6.00492,6.005521,47,50,53
0.1,0.2,0.1,100,65,equal,0.137649187,0.174447614,0.20770169,0.083487545,0.10008836,0.116257676,0.445917667,0.49564,0.521055667,0.490689,0.54866,0.580187,6.0044895,6.00492,6.005521,47,50,53
0.1,0.2,0.1,100,66,equal,0.142209116,0.178686006,0.207714753,0.083710534,0.100003415,0.116797022,0.461849333,0.505713333,0.527086667,0.508552,0.55988,0.587063,6.0044895,6.00492,6.005521,47,50,53
0.1,0.2,0.1,100,67,equal,0.147237181,0.182880263,0.209128804,0.083931356,0.099323097,0.115358613,0.476182333,0.51408,0.532350667,0.523275,0.57002,0.593606,6.0044895,6.00492,6.005521,47,50,53
0.1,0.2,0.1,100,68,equal,0.147985062,0.18427279,0.216240817,0.083798038,0.098912871,0.11695247,0.489606667,0.52088,0.536627667,0.538267,0.57814,0.598324,6.0044895,6.00492,6.005521,47,50,53
0.1,0.2,0.1,100,69,equal,0.149902652,0.187752096,0.216988191,0.08371943,0.098508499,0.116398421,0.500372333,0.526846667,0.540516333,0.550862,0.58528,0.602595,6.0044895,6.00492,6.005521,47,50,53
0.1,0.2,0.1,100,70,equal,0.155618552,0.187645153,0.21903006,0.084519151,0.098640519,0.115571253,0.509822,0.531966667,0.543996333,0.561959,0.59078,0.605981,6.0044895,6.00492,6.005521,47,50,53
0.1,0.2,0.1,100,71,equal,0.156730086,0.190458546,0.221127713,0.084126165,0.098377758,0.115174373,0.517935667,0.536346667,0.546529333,0.57104,0.59542,0.608755,6.0044895,6.00492,6.005521,47,50,53
0.1,0.2,0.1,100,72,equal,0.161730716,0.19298243,0.221123053,0.084751812,0.098666088,0.114860049,0.52486,0.539926667,0.548657,0.579223,0.59934,0.611269,6.0044895,6.00492,6.005521,47,50,53
0.1,0.2,0.1,100,73,equal,0.163499523,0.196066368,0.222059083,0.084651807,0.098844808,0.114806562,0.530287333,0.543093333,0.550371,0.58548,0.6027,0.613065,6.0044895,6.00492,6.005521,47,50,53
0.1,0.2,0.1,100,74,equal,0.164396045,0.196950499,0.220788647,0.086280252,0.099329714,0.114891495,0.535275333,0.545586667,0.552077,0.590597,0.6051,0.61468,6.0044895,6.00492,6.005521,47,50,53
0.1,0.2,0.1,100,75,equal,0.164648813,0.197277284,0.222650083,0.085621715,0.098953426,0.115352316,0.539121,0.54766,0.553377667,0.594735,0.6075,0.615922,6.0044895,6.00492,6.005521,47,50,53
0.1,0.2,0.1,100,76,equal,0.164020839,0.197338588,0.222571842,0.085787349,0.098606898,0.114372276,0.542077667,0.54938,0.554457333,0.5986,0.60964,0.616983,6.0044895,6.00492,6.005521,47,50,53
0.1,0.2,0.1,100,77,equal,0.164866573,0.197998081,0.224303124,0.08588826,0.099024672,0.114941726,0.544477,0.55088,0.555462333,0.601456,0.61134,0.618444,6.0044895,6.00492,6.005521,47,50,53
0.1,0.2,0.1,100,78,equal,0.166555425,0.198492168,0.224150418,0.086256389,0.099462356,0.115056682,0.546106333,0.5519,0.556101,0.603438,0.61276,0.61973,6.0044895,6.00492,6.005521,47,50,53
0.1,0.2,0.1,100,79,equal,0.166428125,0.199897404,0.225169069,0.085875694,0.099176453,0.115161598,0.547821667,0.552766667,0.556654667,0.605558,0.61382,0.620694,6.0044895,6.00492,6.005521,47,50,53
0.1,0.2,0.1,100,80,equal,0.165605968,0.199949243,0.225713604,0.08587589,0.099168278,0.114868958,0.549126333,0.553486667,0.557297667,0.60692,0.61472,0.621534,6.0044895,6.00492,6.005521,47,50,53
0.1,0.2,0.1,100,81,equal,0.166332793,0.200142763,0.225522772,0.085895871,0.098964149,0.115139038,0.550328,0.554226667,0.557824,0.608163,0.61546,0.622355,6.0044895,6.00492,6.005521,47,50,53
0.1,0.2,0.1,100,82,equal,0.164818273,0.199331553,0.226286921,0.086067123,0.099210642,0.115093144,0.551246667,0.55486,0.558152333,0.609127,0.6161,0.622936,6.0044895,6.00492,6.005521,47,50,53
0.1,0.2,0.1,100,83,equal,0.164026239,0.198766979,0.224604752,0.086285002,0.09913016,0.114736261,0.551877333,0.555293333,0.558484333,0.609708,0.61662,0.623258,6.0044895,6.00492,6.005521,47,50,53
0.1,0.2,0.1,100,84,equal,0.164105602,0.19922538,0.224559579,0.086725647,0.099335911,0.114496415,0.552330667,0.555606667,0.558809667,0.610055,0.61698,0.623534,6.0044895,6.00492,6.005521,47,50,53
0.1,0.2,0.1,100,85,equal,0.164826883,0.199132579,0.225477474,0.086420025,0.0996138,0.11481046,0.552704667,0.555893333,0.559093333,0.61047,0.61746,0.623732,6.0044895,6.00492,6.005521,47,50,53
0.1,0.2,0.1,100,86,equal,0.165598595,0.1997781,0.225742973,0.086674666,0.099637238,0.114959146,0.553006333,0.556173333,0.559367,0.610792,0.61776,0.623829,6.0044895,6.00492,6.005521,47,50,53
0.1,0.2,0.1,100,87,equal,0.164516799,0.199173169,0.225969008,0.086298719,0.099866186,0.115021174,0.553241,0.5564,0.559634333,0.610977,0.61798,0.624067,6.0044895,6.00492,6.005521,47,50,53
0.1,0.2,0.1,100,88,equal,0.164368798,0.198980821,0.225474753,0.086139908,0.099895057,0.115245642,0.553341333,0.556566667,0.559787333,0.611177,0.61822,0.624109,6.0044895,6.00492,6.005521,47,50,53
0.1,0.2,0.1,100,89,equal,0.163191674,0.198945876,0.226125915,0.086364367,0.099793656,0.115111834,0.553492333,0.556693333,0.559901667,0.611419,0.61838,0.624151,6.0044895,6.00492,6.005521,47,50,53
0.1,0.2,0.1,100,90,equal,0.162108129,0.199066888,0.226542075,0.08615662,0.099648015,0.115123409,0.553618,0.5568,0.559996333,0.611577,0.61848,0.62425,6.0044895,6.00492,6.005521,47,50,53
0.1,0.2,0.1,100,91,equal,0.160131472,0.198468825,0.225077612,0.086252508,0.099766852,0.115152134,0.553698667,0.55688,0.56011,0.611695,0.61858,0.624309,6.0044895,6.00492,6.005521,47,50,53
0.1,0.2,0.1,100,92,equal,0.160068636,0.198339707,0.225953781,0.086179059,0.099777266,0.1151882,0.553804,0.55694,0.560206,0.611878,0.61864,0.624347,6.0044895,6.00492,6.005521,47,50,53
0.1,0.2,0.1,100,93,equal,0.159892711,0.198368365,0.225607739,0.086197902,0.099779229,0.115177826,0.553884,0.557033333,0.560265667,0.612013,0.61868,0.624347,6.0044895,6.00492,6.005521,47,50,53
0.1,0.2,0.1,100,94,equal,0.159618447,0.198113007,0.225397422,0.086188614,0.099609,0.115285514,0.553936,0.5571,0.560320333,0.612032,0.61868,0.624366,6.0044895,6.00492,6.005521,47,50,53
0.1,0.2,0.1,100,95,equal,0.159100939,0.197405684,0.224852234,0.086107506,0.099527304,0.115434929,0.553961333,0.557166667,0.560373,0.612133,0.61874,0.624423,6.0044895,6.00492,6.005521,47,50,53
0.1,0.2,0.1,100,96,equal,0.160420634,0.196670832,0.223767382,0.086031269,0.099463814,0.115341729,0.554007667,0.557186667,0.560413,0.612171,0.61874,0.624541,6.0044895,6.00492,6.005521,47,50,53
0.1,0.2,0.1,100,97,equal,0.161039545,0.196491356,0.223543796,0.08594071,0.099339643,0.115294201,0.554014,0.557213333,0.560425667,0.612171,0.61874,0.624604,6.0044895,6.00492,6.005521,47,50,53
0.1,0.2,0.1,100,98,equal,0.159925814,0.195994626,0.223846955,0.085984822,0.099233365,0.11529592,0.554014,0.557233333,0.560465667,0.61219,0.61876,0.624604,6.0044895,6.00492,6.005521,47,50,53
0.1,0.2,0.1,100,99,equal,0.159643151,0.195407686,0.224174563,0.086023835,0.099174712,0.115290137,0.554047667,0.557246667,0.560492333,0.612211,0.61876,0.624604,6.0044895,6.00492,6.005521,47,50,53
0.1,0.2,0.1,100,100,equal,0.160430864,0.194948502,0.223350062,0.085970842,0.099169343,0.115120623,0.554061,0.557246667,0.560498667,0.612232,0.61876,0.624604,6.0044895,6.00492,6.005521,47,50,53
0.1,0.2,0.1,100,30,highUnequal,-0.413101491,-0.009888833,0.256084974,-2.215862897,-1.277350427,-0.729933505,0.005004333,0.008586667,0.014167333,0.0056,0.00962,0.016466,6.0044895,6.00492,6.005521,47,50,53
0.1,0.2,0.1,100,31,highUnequal,-0.417600738,-0.009511279,0.225574926,-2.21215873,-1.267973856,-0.766628788,0.005832667,0.010146667,0.01671,0.006478,0.01132,0.019624,6.0044895,6.00492,6.005521,47,50,53
0.1,0.2,0.1,100,32,highUnequal,-0.331336123,-0.015646945,0.196585479,-2.087049062,-1.270446399,-0.828528435,0.006979667,0.011973333,0.019862,0.007716,0.0134,0.022647,6.0044895,6.00492,6.005521,47,50,53
0.1,0.2,0.1,100,33,highUnequal,-0.33527278,-0.024776041,0.167069389,-2.0772395,-1.273015873,-0.879007267,0.008262667,0.01422,0.023599,0.009274,0.01594,0.026267,6.0044895,6.00492,6.005521,47,50,53
0.1,0.2,0.1,100,34,highUnequal,-0.301960002,-0.014042137,0.14895352,-1.931780303,-1.271780303,-0.910341708,0.009748333,0.0167,0.027618,0.010872,0.01896,0.030997,6.0044895,6.00492,6.005521,47,50,53
0.1,0.2,0.1,100,35,highUnequal,-0.314819518,-0.02677539,0.14819373,-1.933505502,-1.293942261,-0.89880752,0.011418,0.019673333,0.032348333,0.012775,0.0221,0.036758,6.0044895,6.00492,6.005521,47,50,53
0.1,0.2,0.1,100,36,highUnequal,-0.289064598,-0.035447261,0.124908835,-1.895572917,-1.293121693,-0.965500254,0.013438333,0.023206667,0.037808333,0.015056,0.02616,0.043307,6.0044895,6.00492,6.005521,47,50,53
0.1,0.2,0.1,100,37,highUnequal,-0.233603204,-0.036301091,0.099251791,-1.764652863,-1.280339218,-1.019791667,0.015921,0.027573333,0.044036,0.017637,0.0306,0.050692,6.0044895,6.00492,6.005521,47,50,53
0.1,0.2,0.1,100,38,highUnequal,-0.233680428,-0.050906505,0.092264312,-1.74088247,-1.30658136,-1.014744426,0.018649,0.0323,0.050975,0.020791,0.03596,0.058634,6.0044895,6.00492,6.005521,47,50,53
0.1,0.2,0.1,100,39,highUnequal,-0.234273648,-0.0442022,0.07440993,-1.686518817,-1.284098229,-1.054191515,0.022096,0.03808,0.060074333,0.024046,0.04228,0.068521,6.0044895,6.00492,6.005521,47,50,53
0.1,0.2,0.1,100,40,highUnequal,-0.214713155,-0.051534769,0.075049427,-1.658992076,-1.29426687,-1.056303907,0.026172667,0.044673333,0.070106333,0.028291,0.04914,0.080174,6.0044895,6.00492,6.005521,47,50,53
0.1,0.2,0.1,100,41,highUnequal,-0.205124908,-0.048576984,0.062857346,-1.588682967,-1.287237237,-1.075803303,0.030555667,0.052226667,0.081792667,0.033273,0.05768,0.092412,6.0044895,6.00492,6.005521,47,50,53
0.1,0.2,0.1,100,42,highUnequal,-0.197865139,-0.048218767,0.040843499,-1.601130638,-1.264784436,-1.116405011,0.035479333,0.060446667,0.094869333,0.038934,0.06704,0.106366,6.0044895,6.00492,6.005521,47,50,53
0.1,0.2,0.1,100,43,highUnequal,-0.188605815,-0.051172639,0.045505625,-1.560080149,-1.263871226,-1.098058703,0.041531333,0.070566667,0.109034,0.045051,0.0783,0.121569,6.0044895,6.00492,6.005521,47,50,53
0.1,0.2,0.1,100,44,highUnequal,-0.200016262,-0.062584342,0.029339303,-1.554192986,-1.271434886,-1.122871457,0.048781333,0.081653333,0.124778667,0.052969,0.09106,0.14036,6.0044895,6.00492,6.005521,47,50,53
0.1,0.2,0.1,100,45,highUnequal,-0.174386754,-0.062489875,0.025235394,-1.496506328,-1.273590986,-1.146297202,0.056340333,0.094366667,0.142656667,0.062619,0.10524,0.16005,6.0044895,6.00492,6.005521,47,50,53
0.1,0.2,0.1,100,46,highUnequal,-0.169121908,-0.070125525,0.004986671,-1.474392636,-1.272509458,-1.141474931,0.065610667,0.108466667,0.161840667,0.072683,0.12012,0.181491,6.0044895,6.00492,6.005521,47,50,53
0.1,0.2,0.1,100,47,highUnequal,-0.189729253,-0.075970207,0.011322821,-1.481656272,-1.272292046,-1.133060057,0.075718,0.125033333,0.182795333,0.083335,0.13866,0.203525,6.0044895,6.00492,6.005521,47,50,53
0.1,0.2,0.1,100,48,highUnequal,-0.206515718,-0.082052542,0.006283999,-1.469717813,-1.270848405,-1.137711275,0.087201333,0.142906667,0.205708333,0.09706,0.15828,0.22928,6.0044895,6.00492,6.005521,47,50,53
0.1,0.2,0.1,100,49,highUnequal,-0.181789429,-0.092075401,-0.008021339,-1.440354851,-1.272039685,-1.148983773,0.100619667,0.16204,0.228900667,0.111382,0.1804,0.255816,6.0044895,6.00492,6.005521,47,50,53
0.1,0.2,0.1,100,50,highUnequal,-0.189209746,-0.100756646,-0.016756915,-1.433345657,-1.26471173,-1.135404444,0.115787667,0.182646667,0.253029667,0.127834,0.2034,0.282656,6.0044895,6.00492,6.005521,47,50,53
0.1,0.2,0.1,100,51,highUnequal,-0.201513383,-0.109334478,-0.029272595,-1.431188709,-1.260229976,-1.126353162,0.132007667,0.204933333,0.277692667,0.1461,0.2281,0.311218,6.0044895,6.00492,6.005521,47,50,53
0.1,0.2,0.1,100,52,highUnequal,-0.200096098,-0.114467048,-0.031729505,-1.403963473,-1.245967752,-1.120678073,0.150080667,0.228433333,0.302655,0.165911,0.25492,0.33914,6.0044895,6.00492,6.005521,47,50,53
0.1,0.2,0.1,100,53,highUnequal,-0.203654653,-0.123065139,-0.03997752,-1.403586902,-1.245820276,-1.135885286,0.169792333,0.252193333,0.328257333,0.188622,0.2831,0.366379,6.0044895,6.00492,6.005521,47,50,53
0.1,0.2,0.1,100,54,highUnequal,-0.218149715,-0.1249902,-0.054284964,-1.394491835,-1.23336572,-1.127193011,0.191110333,0.277166667,0.352699333,0.212103,0.31062,0.393666,6.0044895,6.00492,6.005521,47,50,53
0.1,0.2,0.1,100,55,highUnequal,-0.215841058,-0.135838032,-0.067233664,-1.372497191,-1.227058757,-1.127940935,0.213877667,0.302973333,0.375932667,0.236644,0.33748,0.420196,6.0044895,6.00492,6.005521,47,50,53
0.1,0.2,0.1,100,56,highUnequal,-0.21508486,-0.145799894,-0.078600096,-1.351783566,-1.224101043,-1.122727621,0.238000333,0.3282,0.397915667,0.262637,0.36506,0.446072,6.0044895,6.00492,6.005521,47,50,53
0.1,0.2,0.1,100,57,highUnequal,-0.232469184,-0.154675835,-0.083099196,-1.345986025,-1.21780426,-1.106134795,0.262828333,0.352686667,0.418085333,0.29068,0.39288,0.467897,6.0044895,6.00492,6.005521,47,50,53
0.1,0.2,0.1,100,58,highUnequal,-0.249272505,-0.167531228,-0.101807451,-1.345221302,-1.210126767,-1.110194125,0.288282,0.376533333,0.437317,0.318503,0.41804,0.489975,6.0044895,6.00492,6.005521,47,50,53
0.1,0.2,0.1,100,59,highUnequal,-0.259779052,-0.176261573,-0.110237155,-1.340807227,-1.197223588,-1.101409769,0.313720667,0.398813333,0.453987,0.345324,0.44244,0.508233,6.0044895,6.00492,6.005521,47,50,53
0.1,0.2,0.1,100,60,highUnequal,-0.272949563,-0.190099298,-0.119515937,-1.328094472,-1.191593404,-1.096028597,0.338531,0.419153333,0.469645333,0.373207,0.46516,0.525,6.0044895,6.00492,6.005521,47,50,53
0.1,0.2,0.1,100,61,highUnequal,-0.279858251,-0.195875257,-0.136724238,-1.327783817,-1.181624339,-1.095908603,0.362846333,0.438153333,0.483619,0.399392,0.48598,0.539641,6.0044895,6.00492,6.005521,47,50,53
0.1,0.2,0.1,100,62,highUnequal,-0.277969226,-0.209352128,-0.144318002,-1.299001579,-1.170597566,-1.092498981,0.386262667,0.4554,0.495539333,0.425656,0.50546,0.552851,6.0044895,6.00492,6.005521,47,50,53
0.1,0.2,0.1,100,63,highUnequal,-0.285259454,-0.218662588,-0.152560558,-1.26457843,-1.158814955,-1.083484775,0.408200333,0.470546667,0.505588333,0.449592,0.52184,0.563435,6.0044895,6.00492,6.005521,47,50,53
0.1,0.2,0.1,100,64,highUnequal,-0.294188535,-0.22458059,-0.164125186,-1.238744836,-1.149319069,-1.075896971,0.428215,0.4842,0.513835333,0.471748,0.53596,0.573032,6.0044895,6.00492,6.005521,47,50,53
0.1,0.2,0.1,100,65,highUnequal,-0.30183312,-0.230317128,-0.173510128,-1.228559637,-1.142444675,-1.073876909,0.445917667,0.49564,0.521055667,0.490689,0.54866,0.580187,6.0044895,6.00492,6.005521,47,50,53
0.1,0.2,0.1,100,66,highUnequal,-0.308784093,-0.240730857,-0.187516962,-1.226140385,-1.131274451,-1.066420959,0.461849333,0.505713333,0.527086667,0.508552,0.55988,0.587063,6.0044895,6.00492,6.005521,47,50,53
0.1,0.2,0.1,100,67,highUnequal,-0.316661768,-0.246746902,-0.193947477,-1.213958163,-1.125863853,-1.058681995,0.476182333,0.51408,0.532350667,0.523275,0.57002,0.593606,6.0044895,6.00492,6.005521,47,50,53
0.1,0.2,0.1,100,68,highUnequal,-0.325586584,-0.25455637,-0.204529085,-1.195033248,-1.114956195,-1.058118595,0.489606667,0.52088,0.536627667,0.538267,0.57814,0.598324,6.0044895,6.00492,6.005521,47,50,53
0.1,0.2,0.1,100,69,highUnequal,-0.32613687,-0.259974369,-0.214835787,-1.187384172,-1.107786079,-1.05412942,0.500372333,0.526846667,0.540516333,0.550862,0.58528,0.602595,6.0044895,6.00492,6.005521,47,50,53
0.1,0.2,0.1,100,70,highUnequal,-0.329962074,-0.26898322,-0.223601783,-1.178877179,-1.099686786,-1.045697932,0.509822,0.531966667,0.543996333,0.561959,0.59078,0.605981,6.0044895,6.00492,6.005521,47,50,53
0.1,0.2,0.1,100,71,highUnequal,-0.333417403,-0.274091374,-0.22760352,-1.175550541,-1.093197217,-1.036636504,0.517935667,0.536346667,0.546529333,0.57104,0.59542,0.608755,6.0044895,6.00492,6.005521,47,50,53
0.1,0.2,0.1,100,72,highUnequal,-0.338663501,-0.283859125,-0.234081201,-1.160203509,-1.088270362,-1.03224428,0.52486,0.539926667,0.548657,0.579223,0.59934,0.611269,6.0044895,6.00492,6.005521,47,50,53
0.1,0.2,0.1,100,73,highUnequal,-0.348725473,-0.286900321,-0.234796963,-1.155824088,-1.083389494,-1.029455489,0.530287333,0.543093333,0.550371,0.58548,0.6027,0.613065,6.0044895,6.00492,6.005521,47,50,53
0.1,0.2,0.1,100,74,highUnequal,-0.355329475,-0.290639925,-0.243666546,-1.154778449,-1.078274259,-1.027911546,0.535275333,0.545586667,0.552077,0.590597,0.6051,0.61468,6.0044895,6.00492,6.005521,47,50,53
0.1,0.2,0.1,100,75,highUnequal,-0.358018325,-0.296030646,-0.250775235,-1.146823065,-1.074409631,-1.025740915,0.539121,0.54766,0.553377667,0.594735,0.6075,0.615922,6.0044895,6.00492,6.005521,47,50,53
0.1,0.2,0.1,100,76,highUnequal,-0.363165927,-0.298451963,-0.256961975,-1.144370742,-1.073358746,-1.021255037,0.542077667,0.54938,0.554457333,0.5986,0.60964,0.616983,6.0044895,6.00492,6.005521,47,50,53
0.1,0.2,0.1,100,77,highUnequal,-0.372865838,-0.303914297,-0.257899191,-1.144246042,-1.069754282,-1.018343081,0.544477,0.55088,0.555462333,0.601456,0.61134,0.618444,6.0044895,6.00492,6.005521,47,50,53
0.1,0.2,0.1,100,78,highUnequal,-0.375124282,-0.310127628,-0.263737408,-1.143420242,-1.068557711,-1.016514929,0.546106333,0.5519,0.556101,0.603438,0.61276,0.61973,6.0044895,6.00492,6.005521,47,50,53
0.1,0.2,0.1,100,79,highUnequal,-0.380590145,-0.316605165,-0.268357488,-1.13992547,-1.066428848,-1.01235439,0.547821667,0.552766667,0.556654667,0.605558,0.61382,0.620694,6.0044895,6.00492,6.005521,47,50,53
0.1,0.2,0.1,100,80,highUnequal,-0.385236698,-0.321495143,-0.271832242,-1.139817731,-1.065880382,-1.010782973,0.549126333,0.553486667,0.557297667,0.60692,0.61472,0.621534,6.0044895,6.00492,6.005521,47,50,53
0.1,0.2,0.1,100,81,highUnequal,-0.389745608,-0.326526918,-0.277933835,-1.135957067,-1.064018791,-1.010937426,0.550328,0.554226667,0.557824,0.608163,0.61546,0.622355,6.0044895,6.00492,6.005521,47,50,53
0.1,0.2,0.1,100,82,highUnequal,-0.394231176,-0.331548687,-0.279916073,-1.135303893,-1.062780198,-1.00908403,0.551246667,0.55486,0.558152333,0.609127,0.6161,0.622936,6.0044895,6.00492,6.005521,47,50,53
0.1,0.2,0.1,100,83,highUnequal,-0.397267419,-0.335273104,-0.282885768,-1.134902631,-1.062751871,-1.008594851,0.551877333,0.555293333,0.558484333,0.609708,0.61662,0.623258,6.0044895,6.00492,6.005521,47,50,53
0.1,0.2,0.1,100,84,highUnequal,-0.401153132,-0.33856749,-0.289842858,-1.132520908,-1.062199774,-1.007172904,0.552330667,0.555606667,0.558809667,0.610055,0.61698,0.623534,6.0044895,6.00492,6.005521,47,50,53
0.1,0.2,0.1,100,85,highUnequal,-0.407333798,-0.342607086,-0.296060101,-1.129687701,-1.061268208,-1.008156624,0.552704667,0.555893333,0.559093333,0.61047,0.61746,0.623732,6.0044895,6.00492,6.005521,47,50,53
0.1,0.2,0.1,100,86,highUnequal,-0.410312097,-0.346903343,-0.296483172,-1.127646392,-1.060769458,-1.007805648,0.553006333,0.556173333,0.559367,0.610792,0.61776,0.623829,6.0044895,6.00492,6.005521,47,50,53
0.1,0.2,0.1,100,87,highUnequal,-0.413859062,-0.350975962,-0.298626435,-1.126477961,-1.060301832,-1.007744057,0.553241,0.5564,0.559634333,0.610977,0.61798,0.624067,6.0044895,6.00492,6.005521,47,50,53
0.1,0.2,0.1,100,88,highUnequal,-0.418319458,-0.355580036,-0.303455091,-1.125415851,-1.059755137,-1.0078607,0.553341333,0.556566667,0.559787333,0.611177,0.61822,0.624109,6.0044895,6.00492,6.005521,47,50,53
0.1,0.2,0.1,100,89,highUnequal,-0.422314149,-0.361018808,-0.309479855,-1.124945076,-1.059754524,-1.007606482,0.553492333,0.556693333,0.559901667,0.611419,0.61838,0.624151,6.0044895,6.00492,6.005521,47,50,53
0.1,0.2,0.1,100,90,highUnequal,-0.423226007,-0.363787608,-0.311912592,-1.124797105,-1.059047091,-1.007700182,0.553618,0.5568,0.559996333,0.611577,0.61848,0.62425,6.0044895,6.00492,6.005521,47,50,53
0.1,0.2,0.1,100,91,highUnequal,-0.429038419,-0.367629466,-0.313952992,-1.124680295,-1.058958929,-1.007619806,0.553698667,0.55688,0.56011,0.611695,0.61858,0.624309,6.0044895,6.00492,6.005521,47,50,53
0.1,0.2,0.1,100,92,highUnequal,-0.43168797,-0.372577737,-0.318859357,-1.125116773,-1.058666789,-1.008181096,0.553804,0.55694,0.560206,0.611878,0.61864,0.624347,6.0044895,6.00492,6.005521,47,50,53
0.1,0.2,0.1,100,93,highUnequal,-0.435036099,-0.376732038,-0.321784015,-1.125014961,-1.058719204,-1.008113411,0.553884,0.557033333,0.560265667,0.612013,0.61868,0.624347,6.0044895,6.00492,6.005521,47,50,53
0.1,0.2,0.1,100,94,highUnequal,-0.439815931,-0.3795663,-0.326265949,-1.125518753,-1.05869142,-1.008244643,0.553936,0.5571,0.560320333,0.612032,0.61868,0.624366,6.0044895,6.00492,6.005521,47,50,53
0.1,0.2,0.1,100,95,highUnequal,-0.444557927,-0.382159939,-0.329241857,-1.125754231,-1.058165524,-1.008024736,0.553961333,0.557166667,0.560373,0.612133,0.61874,0.624423,6.0044895,6.00492,6.005521,47,50,53
0.1,0.2,0.1,100,96,highUnequal,-0.448229977,-0.387987873,-0.333457518,-1.125395429,-1.057695498,-1.007993414,0.554007667,0.557186667,0.560413,0.612171,0.61874,0.624541,6.0044895,6.00492,6.005521,47,50,53
0.1,0.2,0.1,100,97,highUnequal,-0.453701583,-0.391467027,-0.338084975,-1.125374056,-1.057940147,-1.007269483,0.554014,0.557213333,0.560425667,0.612171,0.61874,0.624604,6.0044895,6.00492,6.005521,47,50,53
0.1,0.2,0.1,100,98,highUnequal,-0.457915433,-0.395147779,-0.34107502,-1.12435732,-1.057926773,-1.007386981,0.554014,0.557233333,0.560465667,0.61219,0.61876,0.624604,6.0044895,6.00492,6.005521,47,50,53
0.1,0.2,0.1,100,99,highUnequal,-0.461063339,-0.400033343,-0.345102979,-1.124413512,-1.058089624,-1.007671226,0.554047667,0.557246667,0.560492333,0.612211,0.61876,0.624604,6.0044895,6.00492,6.005521,47,50,53
0.1,0.2,0.1,100,100,highUnequal,-0.46604294,-0.403093035,-0.350054963,-1.12462588,-1.05800793,-1.007077447,0.554061,0.557246667,0.560498667,0.612232,0.61876,0.624604,6.0044895,6.00492,6.005521,47,50,53
0.1,0.2,0.1,100,30,modUnequal,-0.458505024,0.002292117,0.291070893,-1.508854167,-0.702200577,-0.217056918,0.005004333,0.008586667,0.014167333,0.0056,0.00962,0.016466,6.0044895,6.00492,6.005521,47,50,53
0.1,0.2,0.1,100,31,modUnequal,-0.320447958,0.022556028,0.2477876,-1.242454955,-0.697231735,-0.28938015,0.005832667,0.010146667,0.01671,0.006478,0.01132,0.019624,6.0044895,6.00492,6.005521,47,50,53
0.1,0.2,0.1,100,32,modUnequal,-0.303187545,0.022239166,0.215537837,-1.211458333,-0.672839506,-0.346171171,0.006979667,0.011973333,0.019862,0.007716,0.0134,0.022647,6.0044895,6.00492,6.005521,47,50,53
0.1,0.2,0.1,100,33,modUnequal,-0.264471243,0.02311308,0.19874616,-1.161923805,-0.661131004,-0.388691342,0.008262667,0.01422,0.023599,0.009274,0.01594,0.026267,6.0044895,6.00492,6.005521,47,50,53
0.1,0.2,0.1,100,34,modUnequal,-0.195567757,0.01858575,0.173614568,-1.038831798,-0.67451769,-0.412509879,0.009748333,0.0167,0.027618,0.010872,0.01896,0.030997,6.0044895,6.00492,6.005521,47,50,53
0.1,0.2,0.1,100,35,modUnequal,-0.176611811,0.027495867,0.159669818,-0.996008403,-0.672945911,-0.454718137,0.011418,0.019673333,0.032348333,0.012775,0.0221,0.036758,6.0044895,6.00492,6.005521,47,50,53
0.1,0.2,0.1,100,36,modUnequal,-0.167775746,0.00891974,0.165808522,-0.988665501,-0.694453087,-0.439135338,0.013438333,0.023206667,0.037808333,0.015056,0.02616,0.043307,6.0044895,6.00492,6.005521,47,50,53
0.1,0.2,0.1,100,37,modUnequal,-0.130382865,0.00258402,0.154907761,-0.922685185,-0.699444956,-0.455204752,0.015921,0.027573333,0.044036,0.017637,0.0306,0.050692,6.0044895,6.00492,6.005521,47,50,53
0.1,0.2,0.1,100,38,modUnequal,-0.151587683,-0.001262096,0.144155008,-0.948888092,-0.695615655,-0.475734153,0.018649,0.0323,0.050975,0.020791,0.03596,0.058634,6.0044895,6.00492,6.005521,47,50,53
0.1,0.2,0.1,100,39,modUnequal,-0.134412575,0.001115909,0.125571275,-0.919238921,-0.690759948,-0.498402475,0.022096,0.03808,0.060074333,0.024046,0.04228,0.068521,6.0044895,6.00492,6.005521,47,50,53
0.1,0.2,0.1,100,40,modUnequal,-0.131738813,0.000731943,0.126977974,-0.90254913,-0.682028518,-0.497790963,0.026172667,0.044673333,0.070106333,0.028291,0.04914,0.080174,6.0044895,6.00492,6.005521,47,50,53
0.1,0.2,0.1,100,41,modUnequal,-0.137084155,0.001407913,0.101636737,-0.890915596,-0.6774859,-0.515839438,0.030555667,0.052226667,0.081792667,0.033273,0.05768,0.092412,6.0044895,6.00492,6.005521,47,50,53
0.1,0.2,0.1,100,42,modUnequal,-0.1258444,-0.002467978,0.11044207,-0.880752082,-0.677565301,-0.509593181,0.035479333,0.060446667,0.094869333,0.038934,0.06704,0.106366,6.0044895,6.00492,6.005521,47,50,53
0.1,0.2,0.1,100,43,modUnequal,-0.112271922,0.000401692,0.098897826,-0.850865672,-0.67476238,-0.51555139,0.041531333,0.070566667,0.109034,0.045051,0.0783,0.121569,6.0044895,6.00492,6.005521,47,50,53
0.1,0.2,0.1,100,44,modUnequal,-0.09712971,0.001483718,0.076404282,-0.824222506,-0.670991618,-0.544966066,0.048781333,0.081653333,0.124778667,0.052969,0.09106,0.14036,6.0044895,6.00492,6.005521,47,50,53
0.1,0.2,0.1,100,45,modUnequal,-0.094895018,-0.000771533,0.065228316,-0.817161102,-0.671706955,-0.558269782,0.056340333,0.094366667,0.142656667,0.062619,0.10524,0.16005,6.0044895,6.00492,6.005521,47,50,53
0.1,0.2,0.1,100,46,modUnequal,-0.089579207,0.000503609,0.070575756,-0.804332687,-0.657724917,-0.553486881,0.065610667,0.108466667,0.161840667,0.072683,0.12012,0.181491,6.0044895,6.00492,6.005521,47,50,53
0.1,0.2,0.1,100,47,modUnequal,-0.07956682,-0.006990746,0.068248247,-0.772603595,-0.661618874,-0.549689618,0.075718,0.125033333,0.182795333,0.083335,0.13866,0.203525,6.0044895,6.00492,6.005521,47,50,53
0.1,0.2,0.1,100,48,modUnequal,-0.079214001,-0.003798159,0.055108336,-0.759724329,-0.660211152,-0.561738874,0.087201333,0.142906667,0.205708333,0.09706,0.15828,0.22928,6.0044895,6.00492,6.005521,47,50,53
0.1,0.2,0.1,100,49,modUnequal,-0.074574839,-0.00391596,0.051050439,-0.751443387,-0.659673271,-0.577690991,0.100619667,0.16204,0.228900667,0.111382,0.1804,0.255816,6.0044895,6.00492,6.005521,47,50,53
0.1,0.2,0.1,100,50,modUnequal,-0.080965226,-0.005900281,0.047421518,-0.747415254,-0.652882785,-0.577724254,0.115787667,0.182646667,0.253029667,0.127834,0.2034,0.282656,6.0044895,6.00492,6.005521,47,50,53
0.1,0.2,0.1,100,51,modUnequal,-0.07704718,-0.010939331,0.039005947,-0.735220605,-0.646742078,-0.57781583,0.132007667,0.204933333,0.277692667,0.1461,0.2281,0.311218,6.0044895,6.00492,6.005521,47,50,53
0.1,0.2,0.1,100,52,modUnequal,-0.073668211,-0.015751975,0.035624803,-0.730464623,-0.650372614,-0.574399412,0.150080667,0.228433333,0.302655,0.165911,0.25492,0.33914,6.0044895,6.00492,6.005521,47,50,53
0.1,0.2,0.1,100,53,modUnequal,-0.067654821,-0.016695544,0.044731884,-0.714581752,-0.646088808,-0.57042483,0.169792333,0.252193333,0.328257333,0.188622,0.2831,0.366379,6.0044895,6.00492,6.005521,47,50,53
0.1,0.2,0.1,100,54,modUnequal,-0.070116753,-0.016774682,0.032610215,-0.708228508,-0.642807879,-0.564593249,0.191110333,0.277166667,0.352699333,0.212103,0.31062,0.393666,6.0044895,6.00492,6.005521,47,50,53
0.1,0.2,0.1,100,55,modUnequal,-0.065543857,-0.021703278,0.03021581,-0.693061932,-0.636788384,-0.566972074,0.213877667,0.302973333,0.375932667,0.236644,0.33748,0.420196,6.0044895,6.00492,6.005521,47,50,53
0.1,0.2,0.1,100,56,modUnequal,-0.072413161,-0.02427351,0.025277436,-0.688920653,-0.63244478,-0.577041499,0.238000333,0.3282,0.397915667,0.262637,0.36506,0.446072,6.0044895,6.00492,6.005521,47,50,53
0.1,0.2,0.1,100,57,modUnequal,-0.077115732,-0.026962161,0.018785712,-0.68139826,-0.628451578,-0.575769075,0.262828333,0.352686667,0.418085333,0.29068,0.39288,0.467897,6.0044895,6.00492,6.005521,47,50,53
0.1,0.2,0.1,100,58,modUnequal,-0.079776582,-0.029603008,0.016527195,-0.676162666,-0.624469249,-0.572159592,0.288282,0.376533333,0.437317,0.318503,0.41804,0.489975,6.0044895,6.00492,6.005521,47,50,53
0.1,0.2,0.1,100,59,modUnequal,-0.081300801,-0.030995414,0.010601002,-0.672595558,-0.619154485,-0.565559689,0.313720667,0.398813333,0.453987,0.345324,0.44244,0.508233,6.0044895,6.00492,6.005521,47,50,53
0.1,0.2,0.1,100,60,modUnequal,-0.087030043,-0.03663084,0.00264363,-0.65950441,-0.612070073,-0.563223574,0.338531,0.419153333,0.469645333,0.373207,0.46516,0.525,6.0044895,6.00492,6.005521,47,50,53
0.1,0.2,0.1,100,61,modUnequal,-0.083210515,-0.041470583,-0.004639688,-0.656675502,-0.609954608,-0.5652009,0.362846333,0.438153333,0.483619,0.399392,0.48598,0.539641,6.0044895,6.00492,6.005521,47,50,53
0.1,0.2,0.1,100,62,modUnequal,-0.088812285,-0.046137201,-0.006344348,-0.652910599,-0.60689073,-0.563799844,0.386262667,0.4554,0.495539333,0.425656,0.50546,0.552851,6.0044895,6.00492,6.005521,47,50,53
0.1,0.2,0.1,100,63,modUnequal,-0.089761685,-0.04945216,-0.011713415,-0.648681372,-0.602511458,-0.562655297,0.408200333,0.470546667,0.505588333,0.449592,0.52184,0.563435,6.0044895,6.00492,6.005521,47,50,53
0.1,0.2,0.1,100,64,modUnequal,-0.094984135,-0.052348838,-0.011435747,-0.641104448,-0.598434747,-0.558301335,0.428215,0.4842,0.513835333,0.471748,0.53596,0.573032,6.0044895,6.00492,6.005521,47,50,53
0.1,0.2,0.1,100,65,modUnequal,-0.097346257,-0.055619282,-0.012042118,-0.638545077,-0.594623998,-0.549662237,0.445917667,0.49564,0.521055667,0.490689,0.54866,0.580187,6.0044895,6.00492,6.005521,47,50,53
0.1,0.2,0.1,100,66,modUnequal,-0.105371882,-0.060903245,-0.015786018,-0.634852386,-0.590007843,-0.545950166,0.461849333,0.505713333,0.527086667,0.508552,0.55988,0.587063,6.0044895,6.00492,6.005521,47,50,53
0.1,0.2,0.1,100,67,modUnequal,-0.114910671,-0.0660795,-0.021518983,-0.632284037,-0.585778111,-0.546568673,0.476182333,0.51408,0.532350667,0.523275,0.57002,0.593606,6.0044895,6.00492,6.005521,47,50,53
0.1,0.2,0.1,100,68,modUnequal,-0.112833941,-0.068194603,-0.028610605,-0.626533093,-0.583161929,-0.543577614,0.489606667,0.52088,0.536627667,0.538267,0.57814,0.598324,6.0044895,6.00492,6.005521,47,50,53
0.1,0.2,0.1,100,69,modUnequal,-0.114545753,-0.070771334,-0.031006082,-0.623933943,-0.578056809,-0.541896582,0.500372333,0.526846667,0.540516333,0.550862,0.58528,0.602595,6.0044895,6.00492,6.005521,47,50,53
0.1,0.2,0.1,100,70,modUnequal,-0.120161273,-0.072036912,-0.036681747,-0.621343041,-0.578406896,-0.542140303,0.509822,0.531966667,0.543996333,0.561959,0.59078,0.605981,6.0044895,6.00492,6.005521,47,50,53
0.1,0.2,0.1,100,71,modUnequal,-0.121701961,-0.078712906,-0.036919569,-0.618621664,-0.576465096,-0.541467327,0.517935667,0.536346667,0.546529333,0.57104,0.59542,0.608755,6.0044895,6.00492,6.005521,47,50,53
0.1,0.2,0.1,100,72,modUnequal,-0.128202582,-0.080270135,-0.039362657,-0.612041319,-0.574183244,-0.539127731,0.52486,0.539926667,0.548657,0.579223,0.59934,0.611269,6.0044895,6.00492,6.005521,47,50,53
0.1,0.2,0.1,100,73,modUnequal,-0.129270115,-0.080576192,-0.039486622,-0.610452675,-0.571071674,-0.537757726,0.530287333,0.543093333,0.550371,0.58548,0.6027,0.613065,6.0044895,6.00492,6.005521,47,50,53
0.1,0.2,0.1,100,74,modUnequal,-0.131718715,-0.084019971,-0.043972367,-0.607766454,-0.570264697,-0.535798813,0.535275333,0.545586667,0.552077,0.590597,0.6051,0.61468,6.0044895,6.00492,6.005521,47,50,53
0.1,0.2,0.1,100,75,modUnequal,-0.134223289,-0.08739879,-0.046737784,-0.604015052,-0.569019322,-0.534862735,0.539121,0.54766,0.553377667,0.594735,0.6075,0.615922,6.0044895,6.00492,6.005521,47,50,53
0.1,0.2,0.1,100,76,modUnequal,-0.139800855,-0.090742955,-0.048613545,-0.602838863,-0.568710486,-0.535548796,0.542077667,0.54938,0.554457333,0.5986,0.60964,0.616983,6.0044895,6.00492,6.005521,47,50,53
0.1,0.2,0.1,100,77,modUnequal,-0.143445272,-0.094624566,-0.051054435,-0.600636148,-0.567320137,-0.536150441,0.544477,0.55088,0.555462333,0.601456,0.61134,0.618444,6.0044895,6.00492,6.005521,47,50,53
0.1,0.2,0.1,100,78,modUnequal,-0.143916415,-0.097401537,-0.052079069,-0.601282634,-0.565452003,-0.53409088,0.546106333,0.5519,0.556101,0.603438,0.61276,0.61973,6.0044895,6.00492,6.005521,47,50,53
0.1,0.2,0.1,100,79,modUnequal,-0.149787948,-0.100181334,-0.05394678,-0.60183293,-0.56570815,-0.534337284,0.547821667,0.552766667,0.556654667,0.605558,0.61382,0.620694,6.0044895,6.00492,6.005521,47,50,53
0.1,0.2,0.1,100,80,modUnequal,-0.15038479,-0.100383637,-0.057957509,-0.600594545,-0.565198452,-0.534718488,0.549126333,0.553486667,0.557297667,0.60692,0.61472,0.621534,6.0044895,6.00492,6.005521,47,50,53
0.1,0.2,0.1,100,81,modUnequal,-0.150603764,-0.103035989,-0.06124063,-0.600228795,-0.564267275,-0.535565745,0.550328,0.554226667,0.557824,0.608163,0.61546,0.622355,6.0044895,6.00492,6.005521,47,50,53
0.1,0.2,0.1,100,82,modUnequal,-0.154034414,-0.1058854,-0.062395505,-0.601026074,-0.563758394,-0.534540151,0.551246667,0.55486,0.558152333,0.609127,0.6161,0.622936,6.0044895,6.00492,6.005521,47,50,53
0.1,0.2,0.1,100,83,modUnequal,-0.154345966,-0.108215216,-0.064804887,-0.600471304,-0.562967872,-0.533618884,0.551877333,0.555293333,0.558484333,0.609708,0.61662,0.623258,6.0044895,6.00492,6.005521,47,50,53
0.1,0.2,0.1,100,84,modUnequal,-0.157069561,-0.110877528,-0.06740466,-0.600520992,-0.564043959,-0.533282014,0.552330667,0.555606667,0.558809667,0.610055,0.61698,0.623534,6.0044895,6.00492,6.005521,47,50,53
0.1,0.2,0.1,100,85,modUnequal,-0.159790409,-0.113328565,-0.0710583,-0.600298756,-0.563181786,-0.533240249,0.552704667,0.555893333,0.559093333,0.61047,0.61746,0.623732,6.0044895,6.00492,6.005521,47,50,53
0.1,0.2,0.1,100,86,modUnequal,-0.164279105,-0.116370542,-0.072625499,-0.600313999,-0.562785505,-0.533369593,0.553006333,0.556173333,0.559367,0.610792,0.61776,0.623829,6.0044895,6.00492,6.005521,47,50,53
0.1,0.2,0.1,100,87,modUnequal,-0.166873725,-0.120135428,-0.076037868,-0.60016744,-0.562712168,-0.533546968,0.553241,0.5564,0.559634333,0.610977,0.61798,0.624067,6.0044895,6.00492,6.005521,47,50,53
0.1,0.2,0.1,100,88,modUnequal,-0.17010456,-0.121903541,-0.079369823,-0.599354776,-0.562650151,-0.533825305,0.553341333,0.556566667,0.559787333,0.611177,0.61822,0.624109,6.0044895,6.00492,6.005521,47,50,53
0.1,0.2,0.1,100,89,modUnequal,-0.174603305,-0.125542573,-0.08195712,-0.598911975,-0.562360279,-0.53397306,0.553492333,0.556693333,0.559901667,0.611419,0.61838,0.624151,6.0044895,6.00492,6.005521,47,50,53
0.1,0.2,0.1,100,90,modUnequal,-0.174796761,-0.127141141,-0.085435319,-0.59889325,-0.562704959,-0.534220193,0.553618,0.5568,0.559996333,0.611577,0.61848,0.62425,6.0044895,6.00492,6.005521,47,50,53
0.1,0.2,0.1,100,91,modUnequal,-0.17772526,-0.128512926,-0.089438183,-0.598764383,-0.562766117,-0.534033948,0.553698667,0.55688,0.56011,0.611695,0.61858,0.624309,6.0044895,6.00492,6.005521,47,50,53
0.1,0.2,0.1,100,92,modUnequal,-0.180273987,-0.130976025,-0.091426184,-0.598938476,-0.562986387,-0.533354694,0.553804,0.55694,0.560206,0.611878,0.61864,0.624347,6.0044895,6.00492,6.005521,47,50,53
0.1,0.2,0.1,100,93,modUnequal,-0.182267081,-0.132905402,-0.092627629,-0.598548376,-0.562760337,-0.533381933,0.553884,0.557033333,0.560265667,0.612013,0.61868,0.624347,6.0044895,6.00492,6.005521,47,50,53
0.1,0.2,0.1,100,94,modUnequal,-0.185180699,-0.133959896,-0.094831645,-0.598510723,-0.562760339,-0.533611869,0.553936,0.5571,0.560320333,0.612032,0.61868,0.624366,6.0044895,6.00492,6.005521,47,50,53
0.1,0.2,0.1,100,95,modUnequal,-0.188093059,-0.138065374,-0.098972919,-0.598173831,-0.562696831,-0.533478063,0.553961333,0.557166667,0.560373,0.612133,0.61874,0.624423,6.0044895,6.00492,6.005521,47,50,53
0.1,0.2,0.1,100,96,modUnequal,-0.18942395,-0.140033441,-0.102591135,-0.598207294,-0.56294712,-0.533466448,0.554007667,0.557186667,0.560413,0.612171,0.61874,0.624541,6.0044895,6.00492,6.005521,47,50,53
0.1,0.2,0.1,100,97,modUnequal,-0.192598491,-0.142484895,-0.104321321,-0.597950756,-0.563100279,-0.533699526,0.554014,0.557213333,0.560425667,0.612171,0.61874,0.624604,6.0044895,6.00492,6.005521,47,50,53
0.1,0.2,0.1,100,98,modUnequal,-0.197437333,-0.145498326,-0.104886921,-0.597966197,-0.562809714,-0.533699526,0.554014,0.557233333,0.560465667,0.61219,0.61876,0.624604,6.0044895,6.00492,6.005521,47,50,53
0.1,0.2,0.1,100,99,modUnequal,-0.199328086,-0.148092206,-0.107716602,-0.597978664,-0.562740913,-0.533699526,0.554047667,0.557246667,0.560492333,0.612211,0.61876,0.624604,6.0044895,6.00492,6.005521,47,50,53
0.1,0.2,0.1,100,100,modUnequal,-0.201955646,-0.150125793,-0.110642181,-0.598008578,-0.562334885,-0.533789761,0.554061,0.557246667,0.560498667,0.612232,0.61876,0.624604,6.0044895,6.00492,6.005521,47,50,53
